"V1","V2","V3"
3,22,16
4,13,273
1,2,215
1,4,37
3,7,6
1,17,124
2,15,118
2,1,63
1,5,66
1,1,39
1,4,160
2,1,31
2,6,248
2,7,64
1,1,69
4,4,99
1,7,37
1,1,12
1,3,42
3,10,123
1,7,98
6,4,15
1,4,50
1,7,339
1,14,81
2,11,472
1,6,29
3,13,57
3,25,82
1,7,5
1,4,171
2,2,44
2,5,21
1,6,8
1,11,26
4,6,152
5,8,18
1,1,47
1,4,199
1,15,90
2,1,61
3,25,16
2,3,17
1,52,121
1,10,185
1,19,266
2,13,216
5,10,62
1,15,139
1,19,113
4,7,81
2,9,47
1,20,261
5,2,7
3,6,2
1,7,61
1,23,47
4,8,11
1,29,127
2,11,20
1,2,159
6,4,23
1,8,39
1,4,115
2,1,16
4,2,93
2,3,41
1,6,12
1,34,683
1,16,79
1,3,28
3,1,29
1,11,41
2,13,81
2,18,109
1,3,230
1,1,15
1,12,6
2,24,41
4,1,45
1,15,156
2,9,73
1,10,39
1,1,8
1,9,2
1,6,22
3,11,12
6,3,202
3,3,81
2,17,265
4,14,31
1,2,6
1,2,112
1,10,249
4,8,34
2,19,42
3,12,30
1,1,107
2,15,223
2,9,68
3,10,191
12,7,5
4,12,198
1,12,77
1,10,261
1,1,92
4,11,167
2,3,169
6,8,6
1,17,16
3,19,7
1,18,58
3,12,34
1,31,114
3,1,5
2,16,149
1,2,84
1,12,58
1,10,67
4,7,15
2,10,69
1,2,173
1,13,16
2,5,69
1,14,33
1,22,67
1,6,2
3,1,59
1,8,282
4,4,4
1,23,60
1,4,244
1,10,190
1,29,158
2,30,82
2,5,144
4,17,46
2,39,17
5,8,19
2,3,38
3,2,72
2,1,101
2,11,53
1,2,38
2,5,176
1,12,106
1,16,4
1,5,84
1,3,115
1,2,43
1,5,455
1,3,13
1,16,13
2,3,127
1,13,187
4,10,338
2,2,60
2,15,144
1,2,89
4,3,154
3,9,48
4,19,11
4,10,3
1,1,36
1,3,24
1,12,330
1,15,4
2,20,199
2,21,87
2,12,36
1,2,208
2,11,63
4,1,63
1,31,2
1,16,52
1,4,152
3,21,28
1,3,169
4,12,49
1,16,90
1,9,74
1,25,123
1,3,63
3,7,37
1,14,93
6,20,252
1,1,55
2,2,62
6,1,233
2,26,128
1,1,93
2,3,183
2,1,525
1,26,32
1,21,681
1,17,30
4,2,3
1,4,373
1,1,42
1,16,214
2,27,1
1,7,294
3,8,88
2,1,91
1,7,88
1,18,37
1,7,287
1,5,333
1,7,65
1,1,63
1,9,27
1,9,24
2,4,159
3,5,34
2,9,48
1,11,116
1,13,319
1,7,79
1,11,119
2,5,53
1,11,13
5,9,205
2,6,91
1,13,138
3,1,162
1,35,25
1,12,9
4,31,108
1,11,13
3,6,181
2,40,45
2,8,96
1,4,176
1,6,77
3,7,59
1,2,42
5,7,3
3,12,229
4,3,23
4,6,26
8,8,32
1,1,32
2,16,44
5,65,48
1,13,319
1,3,73
4,1,70
4,5,5
3,3,47
2,14,177
2,21,12
1,6,194
1,7,16
2,6,296
3,15,87
3,19,148
3,8,15
1,13,28
1,2,143
1,8,93
2,1,102
4,2,42
1,32,357
5,2,171
2,11,88
2,12,193
1,9,146
2,6,35
3,16,108
1,7,70
1,1,41
1,1,67
2,1,57
1,2,119
1,13,60
3,8,163
1,11,56
1,26,41
2,4,38
1,21,25
1,3,19
5,4,105
6,8,25
5,14,2
3,42,99
3,19,175
1,13,162
10,42,186
2,4,130
1,8,65
2,10,176
1,4,33
1,5,19
1,1,128
1,4,33
3,4,88
2,3,23
2,20,70
3,15,24
6,2,343
1,2,18
2,6,2
1,11,10
1,7,53
1,27,5
1,4,311
2,22,95
1,9,48
3,2,71
2,16,83
1,8,81
5,11,110
1,17,40
1,10,45
1,8,87
1,3,196
1,7,24
2,2,97
2,11,75
5,1,477
1,5,18
1,2,114
1,3,135
1,5,8
2,9,89
1,2,127
1,10,317
1,5,23
2,31,2
1,16,40
1,14,138
2,10,79
2,4,159
1,1,49
1,12,278
1,8,120
5,6,27
2,7,68
1,30,40
1,2,59
1,4,143
2,8,126
2,7,192
3,34,167
2,4,124
1,6,102
9,13,46
2,21,85
3,1,16
1,1,232
1,5,231
2,3,175
1,6,12
4,8,55
3,5,296
1,8,15
1,4,35
1,20,39
1,5,149
6,15,42
1,7,56
2,6,32
1,11,31
1,3,9
3,1,178
2,3,9
1,7,138
1,7,49
3,1,121
1,1,210
1,2,4
4,5,106
1,13,89
1,10,154
1,6,4
3,2,327
1,16,320
2,1,121
2,2,13
1,23,22
1,6,109
1,2,32
3,3,39
1,3,206
1,6,352
2,1,227
1,9,4
1,5,135
2,6,200
1,13,1
2,13,177
4,8,32
7,24,74
1,16,18
1,2,143
1,27,374
1,4,59
4,11,15
2,9,111
1,12,70
2,4,18
1,10,55
1,1,212
2,1,60
1,47,36
2,4,18
2,3,77
1,4,20
6,4,83
2,10,127
1,16,97
1,3,25
1,3,49
2,2,150
1,12,129
1,20,44
3,3,69
2,16,9
2,6,103
2,4,30
1,4,193
1,7,207
3,22,45
4,9,130
1,13,39
2,6,156
1,17,38
3,1,227
1,3,645
1,25,176
1,19,143
1,14,139
2,13,8
5,8,111
1,20,233
3,1,84
1,2,45
3,16,88
2,5,105
3,5,15
2,20,178
1,1,400
1,27,13
2,18,1
1,1,69
3,12,18
2,14,80
1,9,1
1,5,157
5,5,231
2,1,189
1,2,45
4,7,25
1,2,38
4,9,2
5,2,90
1,7,81
1,13,54
1,2,21
1,12,32
1,1,465
1,14,15
4,8,303
1,6,137
1,18,435
1,30,10
3,5,7
2,2,61
2,14,111
4,2,186
5,10,188
1,15,31
2,2,51
1,2,26
3,2,61
2,1,162
1,2,105
1,20,52
1,22,79
2,6,23
6,1,75
1,13,66
1,6,53
2,3,16
4,24,78
1,1,163
2,12,37
1,9,37
1,5,24
2,30,106
1,29,346
2,5,41
1,3,172
3,23,163
3,3,13
1,6,410
4,10,130
1,2,15
2,7,29
1,22,2
5,6,22
3,3,18
1,2,154
1,19,18
2,9,223
1,11,3
3,2,47
2,2,89
1,7,46
2,17,125
3,10,13
2,1,35
2,16,15
1,7,60
1,3,105
1,11,29
1,47,26
3,3,51
2,10,21
4,3,123
4,3,99
3,7,69
1,15,124
1,2,139
3,2,8
3,6,290
1,23,4
1,12,54
1,3,11
1,15,101
1,2,87
3,14,74
2,4,44
3,2,76
2,10,70
1,12,18
2,4,94
1,28,189
1,1,117
3,6,46
2,14,157
3,1,15
1,4,344
1,1,166
2,2,32
2,2,70
2,23,30
2,11,39
1,6,5
3,8,36
1,5,24
4,12,62
1,21,49
3,11,348
1,13,25
1,8,160
1,2,24
1,12,95
2,3,75
5,13,5
1,5,13
1,12,228
4,14,9
1,23,91
4,28,120
2,14,144
1,3,65
1,1,374
2,10,208
3,26,200
3,11,269
2,5,81
2,6,40
6,4,9
1,8,39
1,1,47
2,3,280
4,11,145
2,38,69
3,1,152
1,32,3
6,6,253
9,36,131
7,20,46
4,10,248
1,2,238
5,3,55
4,23,46
8,15,86
2,1,6
1,2,280
1,8,116
4,2,277
1,2,109
1,17,55
1,10,176
2,2,73
1,1,130
2,1,66
2,22,50
1,15,77
2,4,38
1,10,181
2,1,64
2,4,425
1,6,196
1,24,93
2,6,309
3,28,103
1,6,73
3,4,68
5,20,76
1,1,96
1,15,30
2,33,16
3,6,32
2,2,99
4,5,71
1,5,285
1,15,82
1,2,128
2,5,85
1,9,24
1,3,179
1,3,67
2,2,52
2,3,203
2,40,1
1,3,69
2,2,42
2,8,18
1,17,48
2,14,344
1,9,7
1,8,8
2,2,145
2,4,56
1,5,280
1,4,40
2,11,100
1,16,182
3,5,167
1,6,106
2,5,91
1,31,32
3,7,16
1,1,10
2,13,30
3,17,32
3,29,168
1,17,50
3,9,5
2,32,167
1,36,87
1,11,388
1,1,77
6,3,54
1,29,102
7,5,83
1,27,95
4,7,44
3,20,5
2,9,87
2,1,132
1,3,126
3,4,3
1,2,4
5,12,55
1,10,271
1,5,48
1,3,76
3,36,3
1,10,48
2,12,41
3,34,115
3,1,52
1,9,83
1,6,36
1,1,135
2,4,21
4,5,22
5,19,72
2,5,178
2,24,127
2,12,7
1,1,39
1,3,18
1,2,54
1,2,86
1,1,66
2,17,46
1,24,75
1,6,53
2,1,376
4,23,79
1,15,57
4,1,112
3,34,38
1,11,65
1,10,23
2,10,211
1,11,99
4,2,42
3,6,19
1,16,220
1,25,68
4,4,49
1,9,71
12,3,68
1,13,43
1,1,36
1,4,222
3,2,14
1,30,55
2,8,32
5,4,75
1,46,210
2,10,4
3,5,19
1,8,111
1,2,74
1,6,14
1,26,8
1,3,56
4,8,42
1,32,38
1,11,21
1,4,223
3,8,129
1,21,61
1,20,36
2,25,199
2,2,60
1,2,223
2,8,119
2,4,156
1,1,206
3,25,165
2,18,160
4,3,103
1,5,50
1,15,210
2,7,4
4,8,4
2,10,5
1,2,133
1,7,16
3,1,224
1,5,161
1,5,89
6,4,34
1,8,52
1,13,8
2,6,402
1,2,22
1,9,2
1,2,465
2,2,281
3,7,102
2,54,61
6,9,209
1,9,9
1,2,288
1,10,96
1,1,217
1,10,16
3,9,35
1,4,55
4,1,156
2,10,131
2,2,61
2,10,96
8,9,32
2,36,49
5,22,5
1,2,81
1,6,112
1,2,375
2,2,65
2,9,239
5,4,6
2,3,156
1,8,25
1,3,69
1,3,68
1,16,61
1,13,116
1,5,69
2,6,120
1,12,117
1,2,16
2,117,53
1,37,45
1,7,1
1,11,32
4,5,9
1,9,249
2,2,139
1,2,40
1,3,210
1,3,75
1,1,132
1,3,1
1,2,64
1,1,117
1,8,50
5,22,26
1,1,191
1,8,133
1,10,112
2,2,272
3,23,7
1,12,62
3,12,380
1,3,10
1,3,57
3,7,27
2,14,23
1,22,189
1,14,36
1,10,84
1,4,34
2,1,86
1,6,41
4,5,188
5,3,107
2,16,764
4,6,31
2,12,96
4,2,113
4,6,8
2,2,100
3,5,67
2,3,221
2,36,14
2,4,74
1,12,23
2,3,25
4,4,19
3,7,44
1,6,86
2,4,91
2,9,44
2,8,218
2,10,15
5,3,32
1,10,301
4,2,31
1,16,235
2,15,123
2,10,307
2,7,28
2,12,35
1,2,90
2,11,198
1,4,58
1,2,9
1,19,40
2,28,54
1,14,84
1,5,138
2,9,270
3,4,2
4,12,144
3,8,79
1,2,176
3,7,26
3,17,56
3,13,49
2,5,112
3,3,29
1,7,89
3,4,98
3,19,62
1,9,297
4,18,19
1,32,221
1,1,154
1,34,62
2,8,249
1,2,44
1,18,169
3,6,102
2,7,28
1,19,169
1,26,20
3,1,106
2,6,220
4,36,181
5,19,181
1,5,20
1,39,10
2,41,11
1,9,246
1,12,59
2,8,32
1,4,41
3,39,1
6,20,1
1,4,24
3,12,81
1,2,238
3,4,178
3,25,231
1,1,84
1,1,190
1,1,106
1,6,50
1,14,11
2,4,92
1,5,8
6,4,242
1,19,177
4,3,109
1,21,106
2,4,56
1,1,11
2,10,112
3,6,1
1,2,135
2,6,63
1,23,4
1,16,39
1,12,184
2,19,235
1,3,99
1,10,4
5,13,104
1,8,61
3,6,22
1,25,59
1,7,278
1,3,4
1,20,8
1,2,10
1,36,8
2,6,1
1,9,12
1,4,62
1,20,215
5,5,97
1,15,96
4,8,27
1,33,85
1,4,5
1,6,386
3,2,120
2,3,112
1,10,24
2,5,52
2,8,8
4,1,122
1,3,155
5,12,87
1,7,140
1,1,46
1,4,164
1,64,35
4,1,15
2,2,117
1,2,16
1,1,169
1,19,54
1,13,139
1,22,99
2,8,98
2,9,113
1,6,37
1,3,14
3,1,107
2,5,63
2,10,65
2,8,124
2,3,141
1,2,53
1,38,17
2,1,92
6,6,41
2,7,9
1,3,114
2,23,31
2,10,325
3,2,89
2,9,4
2,4,61
1,12,387
2,5,161
4,9,11
1,11,93
1,2,35
1,9,17
1,25,87
6,9,13
1,10,73
5,6,171
1,14,28
2,10,22
1,7,11
1,3,80
2,1,31
1,6,74
3,21,62
1,13,157
2,12,376
1,2,47
1,7,30
1,18,114
2,4,378
6,6,418
3,1,107
1,27,46
3,3,80
1,5,91
1,6,22
2,26,204
9,27,2
1,5,74
2,1,431
3,4,56
1,1,52
1,10,37
1,11,257
1,3,44
1,10,88
5,13,11
4,21,14
1,22,181
2,19,111
1,8,146
1,3,189
1,17,22
1,18,8
2,15,88
3,8,44
1,14,138
1,4,211
1,9,207
1,15,104
1,2,10
6,5,70
1,36,68
12,1,166
1,8,136
1,10,71
1,2,361
4,8,225
2,2,123
2,6,170
1,2,34
1,23,5
1,9,31
1,4,719
1,11,107
3,8,5
3,12,64
1,10,16
1,2,12
4,3,53
5,9,154
1,1,19
1,2,42
4,10,179
4,1,128
5,16,20
2,36,306
2,1,141
2,14,79
3,16,64
3,1,142
1,5,89
1,21,30
1,4,91
1,19,10
2,56,56
2,3,84
1,4,219
1,6,14
2,12,1
2,1,63
2,1,127
1,2,93
1,6,50
1,10,311
3,5,202
2,26,233
1,12,15
3,21,16
1,6,32
1,5,221
1,5,39
1,11,7
1,10,7
3,5,70
2,4,35
2,4,50
1,1,52
1,1,56
2,8,70
1,17,175
4,7,55
1,13,14
3,1,54
3,4,11
1,2,225
1,1,28
1,3,4
1,20,148
3,11,7
1,3,65
4,3,21
1,19,145
1,29,96
4,1,282
4,11,58
1,16,9
1,23,42
2,6,64
1,14,97
2,24,151
1,2,24
2,32,40
1,20,38
1,43,82
1,2,62
2,9,14
1,15,106
1,5,40
1,35,122
1,19,98
5,6,31
4,33,274
2,29,62
1,1,283
3,13,68
1,1,9
1,11,117
1,3,44
1,2,105
2,22,169
3,5,64
3,5,75
2,2,56
6,2,174
1,4,45
8,42,86
2,19,74
7,13,164
1,11,186
1,77,30
3,9,89
1,1,183
2,9,14
1,25,59
3,3,78
4,14,606
1,13,81
1,4,200
1,15,5
2,15,190
1,19,104
1,7,3
1,2,90
4,7,171
2,10,145
1,10,2
1,28,25
4,1,105
1,2,40
2,33,317
1,7,348
2,35,82
1,7,17
3,2,87
1,9,44
1,3,32
1,8,4
1,1,44
2,3,71
2,1,2
1,13,95
1,23,387
1,1,2
1,17,63
1,3,242
1,30,42
1,2,292
1,48,99
2,17,98
1,4,2
1,12,52
7,7,42
2,1,62
2,10,152
2,1,12
2,4,34
2,23,55
1,8,155
1,12,6
1,11,76
1,11,46
1,21,67
1,7,11
3,17,68
1,30,5
1,10,90
1,1,53
1,5,21
1,7,24
4,9,128
1,1,75
1,11,104
2,10,164
2,3,32
2,1,46
2,17,49
1,4,177
5,16,48
2,7,81
7,3,18
1,2,14
13,6,2
1,12,5
2,2,134
2,11,22
1,7,45
1,11,22
3,2,54
2,5,159
1,2,58
1,1,80
4,1,59
1,37,130
1,11,117
7,6,167
1,5,290
1,13,335
3,9,78
3,13,73
2,1,77
2,13,16
2,3,46
4,10,240
4,6,189
9,8,50
2,25,70
4,26,130
1,21,14
1,10,41
3,3,57
3,15,3
2,15,125
3,16,31
1,2,258
1,15,37
1,13,32
4,1,39
3,4,126
1,2,39
2,1,70
3,23,153
3,5,31
1,4,616
1,3,54
1,8,60
2,5,15
2,5,109
1,17,57
1,3,91
2,17,184
1,38,14
1,41,249
1,25,47
3,11,62
1,4,98
6,27,26
1,7,3
2,13,33
1,2,15
1,14,34
3,4,144
2,3,33
4,3,25
2,13,254
1,6,197
6,6,92
1,6,58
2,3,34
1,1,15
2,1,31
3,4,10
2,8,226
2,1,380
1,12,31
2,21,59
2,6,138
3,6,56
1,23,21
4,5,35
1,3,519
2,4,127
3,7,40
1,11,79
1,2,15
3,12,7
3,7,134
2,9,309
1,3,82
1,7,15
1,5,17
1,25,156
7,1,5
3,14,88
1,38,39
2,4,3
2,3,3
7,1,152
1,17,14
1,10,77
5,5,100
6,7,103
3,5,106
2,6,354
1,17,9
1,3,141
2,1,51
1,8,71
2,2,157
1,4,20
6,2,26
1,22,141
1,20,433
6,8,175
8,3,404
1,2,187
2,7,25
2,6,355
1,3,135
2,20,40
2,11,110
1,28,166
1,6,13
2,1,25
3,6,27
3,1,52
7,3,109
2,2,52
2,19,96
1,9,46
4,15,18
1,6,5
2,3,254
4,5,113
2,2,129
2,5,189
3,20,111
2,18,324
3,9,139
1,20,167
1,5,61
1,10,82
1,25,102
1,13,68
2,3,149
2,4,234
3,9,186
3,5,7
3,6,312
1,5,79
3,4,121
2,2,80
1,4,28
1,5,10
1,18,163
2,38,164
5,8,8
1,6,90
2,30,88
1,1,67
4,1,431
2,1,45
1,17,47
4,7,36
2,6,128
4,3,39
1,3,76
2,13,112
2,8,3
1,9,30
1,2,27
2,4,74
2,31,183
4,13,77
2,7,38
6,22,128
1,9,5
1,2,47
2,4,10
1,5,82
1,15,17
3,2,44
1,1,59
2,7,33
1,1,2
2,8,140
1,20,45
1,7,187
3,1,196
1,11,7
3,1,104
1,4,96
1,9,109
1,4,32
2,11,50
2,12,23
1,21,130
1,4,36
1,20,172
1,31,27
1,15,61
3,1,118
3,3,48
5,16,5
2,1,110
1,6,235
1,7,366
1,6,28
1,4,60
1,2,53
3,3,89
1,2,221
2,9,256
1,28,98
1,13,81
4,3,166
5,9,15
1,5,77
2,2,302
1,8,48
4,7,30
4,9,101
4,1,135
2,34,17
1,1,303
1,1,197
2,8,342
1,10,114
4,19,4
7,5,62
1,2,27
6,2,133
1,14,101
1,25,68
1,21,32
1,13,5
1,2,108
1,3,10
2,2,81
1,1,369
1,10,10
4,4,110
1,9,223
2,13,95
1,2,8
1,4,143
4,3,163
1,20,8
1,14,3
2,13,10
3,3,10
5,9,47
2,23,36
4,4,361
1,4,42
1,9,36
1,25,132
1,9,109
1,2,155
3,1,63
2,10,3
3,2,53
1,4,13
4,5,17
3,3,266
1,2,48
1,5,276
1,3,89
3,13,180
1,3,134
1,1,54
2,1,3
1,2,160
4,32,24
1,47,157
1,2,140
2,6,48
3,5,27
1,3,127
1,2,160
2,12,53
2,6,15
1,31,107
1,2,11
2,21,59
4,3,148
3,3,154
4,10,151
4,10,22
2,5,55
3,4,61
2,13,97
2,17,23
2,61,25
1,17,58
2,6,224
5,1,139
1,18,16
1,14,80
3,15,146
1,5,25
1,10,64
1,3,76
1,2,16
2,4,80
2,28,118
1,20,120
1,17,187
3,9,23
4,50,34
1,11,46
1,4,6
4,8,28
1,16,283
1,14,30
1,9,44
2,5,3
1,51,189
1,17,2
3,9,353
1,12,5
1,5,138
1,5,239
1,4,91
1,8,179
1,4,161
3,6,28
1,10,29
3,12,94
2,16,206
1,7,62
3,8,65
5,1,12
4,3,38
1,8,84
1,5,31
3,11,52
2,20,203
1,26,321
1,5,184
2,4,14
2,2,402
3,16,64
3,1,1
3,5,18
1,16,158
3,7,65
2,5,196
1,12,129
2,4,143
1,17,35
2,10,47
5,15,486
1,19,46
1,4,167
4,9,62
1,10,206
2,6,13
1,8,70
2,25,53
1,31,92
1,5,78
1,13,125
3,5,139
3,14,36
1,5,11
3,1,59
1,4,65
1,3,3
1,4,162
2,7,82
1,3,74
4,18,551
3,5,30
3,25,163
2,6,162
3,4,41
1,2,62
2,26,43
1,15,371
1,5,94
1,28,61
1,38,6
2,3,4
3,3,70
4,8,32
1,1,18
1,18,58
1,7,39
2,9,67
1,6,155
2,1,294
1,1,6
1,13,28
1,2,98
1,1,8
2,2,37
2,17,11
6,32,98
1,7,23
1,7,7
1,7,32
3,20,257
7,16,55
2,18,191
1,5,2
1,4,29
3,2,44
1,6,49
4,10,6
1,8,66
4,14,48
1,6,22
3,20,197
5,16,96
2,6,9
1,9,5
3,11,2
2,2,27
1,5,94
3,10,80
1,1,134
2,15,135
2,2,190
1,16,81
1,9,159
1,2,74
1,18,187
1,5,18
3,5,1
5,3,58
1,4,99
2,1,27
3,25,55
1,15,75
6,24,263
1,2,43
1,7,11
4,6,63
1,20,31
1,2,37
1,2,75
1,3,112
7,56,84
2,16,90
1,6,8
1,1,70
1,10,14
1,2,306
1,10,71
1,9,278
2,11,12
2,8,38
2,3,109
1,3,1
2,3,52
2,14,188
2,11,2
6,22,8
1,21,74
2,2,104
6,10,231
2,9,103
4,13,135
2,7,39
3,39,162
1,14,7
1,3,9
2,15,67
1,17,158
1,1,101
2,9,187
1,10,64
2,2,90
2,1,77
2,7,214
1,15,75
4,2,29
3,1,94
2,1,133
3,3,13
1,11,5
2,1,81
1,24,324
1,3,65
1,6,60
1,2,365
4,8,29
2,4,128
3,1,100
3,26,62
1,22,247
1,2,40
1,22,68
3,12,88
2,3,128
1,7,26
1,13,2
3,11,87
1,8,37
1,10,26
1,13,98
2,4,137
1,2,42
3,15,134
1,15,149
1,2,16
1,9,27
1,6,31
2,3,301
3,16,8
3,1,341
2,9,37
1,8,8
1,4,88
2,9,45
2,46,37
2,9,45
4,2,79
7,27,262
2,3,55
1,15,125
5,6,243
1,15,78
2,3,323
1,10,175
3,18,74
1,38,358
1,5,56
1,4,40
1,5,73
2,8,78
1,11,12
1,1,118
1,4,49
1,12,101
2,3,101
1,5,101
2,10,59
1,3,12
1,5,69
1,31,88
2,20,30
3,1,65
1,5,61
2,19,247
1,8,219
1,8,34
1,4,15
2,14,91
2,7,182
1,2,135
1,22,138
2,3,141
4,1,250
3,10,72
3,13,45
1,3,85
3,4,235
1,4,42
1,11,45
1,6,170
1,8,188
4,20,50
1,8,51
1,4,253
2,5,187
2,1,95
4,4,31
1,6,41
1,10,49
1,22,5
3,4,38
4,3,60
1,10,92
2,1,59
2,4,127
1,1,21
2,34,70
2,3,25
1,6,45
1,3,98
5,33,88
1,3,51
4,4,33
3,9,51
1,1,72
3,4,100
2,25,255
2,14,56
4,24,37
1,1,134
3,16,186
2,2,218
1,70,75
2,5,468
2,9,24
2,12,6
2,4,44
2,11,38
1,11,520
3,2,128
1,19,18
5,32,47
1,13,32
1,25,4
1,15,68
3,1,14
4,16,62
1,1,70
1,2,28
1,7,103
3,17,48
3,4,141
3,14,71
3,10,13
2,3,382
2,8,266
2,4,196
3,7,11
2,8,3
1,14,28
4,8,120
1,19,29
1,1,51
8,8,4
2,7,30
3,26,24
1,30,39
1,3,6
4,14,294
1,3,22
10,2,158
1,2,69
2,1,27
2,15,116
3,1,14
3,3,87
2,12,142
2,4,33
2,27,89
2,27,39
1,16,258
1,4,274
1,1,6
1,2,36
3,5,60
1,32,51
8,5,450
1,1,241
1,5,33
2,3,27
1,18,515
1,15,35
1,5,413
3,3,42
2,7,71
4,3,65
3,15,180
1,4,112
2,1,179
1,2,116
4,6,262
1,11,259
3,1,45
2,4,14
1,2,197
1,2,104
2,6,57
1,1,20
1,23,71
2,1,23
1,8,86
3,8,38
1,8,124
1,7,118
5,19,264
3,9,141
1,3,198
2,6,3
2,34,1
2,14,76
2,1,117
2,6,217
3,11,3
2,11,59
1,2,31
1,12,421
1,11,44
5,25,68
3,8,50
4,8,69
1,12,46
2,1,29
1,14,104
1,5,76
2,22,25
1,14,46
2,4,22
1,4,27
1,17,55
2,4,22
1,7,92
1,4,142
2,2,8
4,2,12
1,6,252
2,7,70
1,14,45
1,4,5
1,14,66
1,12,2
3,4,146
1,24,316
1,4,79
1,4,22
1,101,1
1,12,64
1,5,70
3,2,316
2,3,36
1,27,104
5,4,33
1,4,41
10,29,48
1,8,31
2,6,80
3,1,276
1,4,23
2,13,13
3,1,186
4,13,264
1,15,64
2,42,69
1,17,45
1,4,8
1,1,82
2,49,99
3,6,27
1,2,408
1,5,39
2,12,126
1,4,328
1,2,122
2,11,110
1,7,30
1,2,128
6,7,117
3,17,89
1,22,94
1,7,434
1,31,27
1,50,298
1,9,200
3,1,140
1,16,65
1,12,228
1,1,161
1,8,89
1,6,53
1,8,284
1,9,69
4,23,292
2,3,219
1,11,40
1,18,74
6,51,4
5,2,159
1,4,6
4,8,199
1,1,205
1,11,6
4,6,344
1,6,103
3,3,66
2,3,10
1,6,14
1,11,29
2,9,25
2,13,52
2,2,74
3,2,1
2,23,67
1,24,146
4,1,1
3,7,50
4,4,10
1,4,206
1,13,65
3,30,7
1,2,6
1,23,49
1,5,75
2,1,126
4,3,12
1,1,43
3,24,164
1,12,14
1,18,72
3,5,6
1,8,258
1,8,241
1,3,73
2,5,13
1,1,20
5,13,192
1,4,16
1,1,34
4,5,9
1,11,32
1,7,75
7,5,13
1,5,40
1,19,206
1,47,70
1,9,118
2,4,36
7,22,89
4,18,49
1,15,30
1,2,48
3,1,72
1,1,40
1,36,162
2,15,79
3,1,116
1,7,48
4,9,164
1,9,21
2,6,306
1,11,59
1,2,205
4,42,218
3,2,261
1,5,47
2,10,26
4,7,81
1,30,140
3,5,5
1,1,11
1,7,70
9,18,62
1,11,143
1,3,158
1,11,187
1,1,167
3,10,4
1,12,14
1,4,165
2,6,332
2,4,37
2,3,96
1,26,76
1,6,15
1,6,37
6,1,58
4,21,59
2,9,24
1,10,132
1,2,54
3,2,109
1,12,446
1,3,286
6,21,18
1,9,93
2,36,408
2,10,4
4,1,7
1,3,5
3,1,83
8,10,165
1,13,229
1,7,82
3,4,51
1,5,380
2,5,43
1,16,82
1,4,80
1,3,54
2,16,6
2,36,68
2,2,148
3,3,52
1,5,202
1,10,131
5,11,29
1,37,116
3,2,20
5,7,12
5,8,132
1,23,73
5,13,198
4,34,7
2,5,41
3,3,37
2,10,9
1,14,204
1,29,35
2,15,26
2,3,652
2,23,264
1,11,74
1,3,21
1,4,324
5,8,39
3,6,22
2,25,154
1,2,36
1,5,42
1,22,156
1,28,37
1,8,137
1,5,61
2,2,27
2,24,66
6,40,3
1,2,78
1,8,123
3,22,8
3,2,78
2,10,86
1,24,66
4,7,183
1,7,207
2,22,46
1,1,49
2,8,5
3,43,10
1,9,117
2,5,26
2,7,87
1,30,330
1,5,154
3,4,100
1,12,1
2,10,62
1,12,102
1,3,202
2,2,83
2,3,60
1,15,33
2,31,36
1,8,51
1,3,25
2,23,56
1,24,31
1,13,43
1,4,256
1,6,20
4,2,23
2,22,129
3,3,11
2,12,1
2,3,148
1,5,21
2,4,6
1,22,130
1,9,60
1,6,101
2,1,53
1,12,238
2,5,33
1,9,17
1,9,67
1,18,48
5,28,9
1,1,43
1,5,5
1,28,36
1,7,107
2,20,71
1,38,95
3,6,11
2,2,230
1,5,107
2,9,20
4,1,19
1,4,268
1,11,89
2,1,182
1,45,112
3,9,95
1,3,50
1,13,95
1,2,245
1,35,3
1,7,117
1,7,15
2,6,18
1,7,64
2,2,22
1,17,280
1,2,8
1,10,180
2,11,74
1,7,566
1,1,246
1,12,29
1,6,46
1,1,92
2,15,205
1,10,13
5,5,80
1,10,53
2,24,15
2,7,273
3,3,85
1,4,79
3,18,38
6,6,143
4,3,106
2,18,223
4,3,209
3,4,205
1,2,311
1,8,72
1,18,87
1,8,74
2,7,7
2,9,150
1,1,65
1,4,141
1,3,249
1,8,28
2,11,89
1,6,14
5,3,20
1,49,123
2,1,261
2,2,115
1,29,78
2,7,49
1,14,9
1,9,144
4,2,233
2,5,163
3,1,56
1,5,11
1,1,235
1,18,41
1,3,73
1,1,319
4,23,120
1,14,4
1,1,34
3,9,6
2,10,1
2,18,122
2,8,96
2,9,60
1,3,111
4,12,49
1,28,239
1,20,12
3,22,26
5,7,98
1,17,123
4,1,140
1,16,199
3,1,33
3,8,88
4,2,44
3,5,15
5,3,34
1,8,160
1,1,318
3,24,159
4,14,112
3,3,82
1,11,27
1,9,28
3,12,87
1,3,49
1,11,118
4,2,80
3,4,59
1,14,75
1,3,134
1,1,11
1,1,93
1,11,461
2,9,56
2,3,38
1,6,17
2,1,121
7,14,52
1,9,3
1,4,93
2,7,198
3,28,288
2,11,67
4,8,152
2,7,136
1,5,53
4,1,160
2,15,74
2,34,122
1,13,180
1,23,261
3,28,119
2,2,20
4,3,37
1,10,9
2,6,151
1,11,56
2,12,120
3,8,123
2,6,148
1,1,170
6,9,31
6,15,1
1,9,15
3,22,75
3,2,30
3,44,86
2,9,79
1,3,108
1,19,20
1,6,7
1,3,502
1,6,47
1,1,72
1,3,97
1,2,222
1,5,224
3,2,111
1,4,33
1,8,8
2,1,270
4,10,7
7,2,10
2,2,27
2,3,12
2,46,184
1,32,43
2,6,78
2,11,398
5,2,40
1,22,28
5,35,149
2,3,47
4,11,107
1,2,63
1,6,54
3,2,182
1,11,3
2,8,26
2,3,17
4,1,58
4,9,5
2,1,10
1,3,253
1,16,112
2,6,49
1,1,22
1,7,95
3,1,6
1,6,12
1,19,24
3,8,150
3,13,246
2,4,154
1,12,63
1,6,5
1,26,110
3,4,60
1,5,24
4,4,96
2,11,28
1,20,36
2,11,5
1,1,92
1,12,73
2,6,45
6,19,178
3,4,65
4,7,87
1,4,131
1,13,124
1,25,66
2,1,25
3,9,19
1,10,148
1,15,30
2,33,27
3,3,53
4,9,46
2,6,98
2,15,24
5,8,50
1,8,247
1,6,3
6,2,30
3,1,132
1,5,94
2,30,182
1,18,123
1,6,32
2,12,47
4,2,58
1,13,197
9,8,263
1,3,74
1,3,15
1,2,2
2,1,181
1,3,14
1,11,63
1,36,378
1,2,61
1,5,251
1,2,22
1,17,66
2,6,23
2,1,130
1,3,53
1,33,31
1,5,68
3,7,94
3,12,65
1,17,109
1,11,113
1,4,6
2,39,84
2,4,330
1,12,204
1,5,74
3,4,62
3,22,20
1,5,36
1,12,301
3,21,76
2,15,2
2,2,31
1,39,30
4,8,15
2,3,106
4,4,60
2,10,60
1,12,32
1,12,31
1,8,332
1,1,86
1,11,44
1,27,17
3,1,7
2,1,41
3,23,31
1,8,36
1,14,7
2,27,61
2,11,104
4,2,60
1,8,207
1,5,50
4,12,95
1,17,7
1,2,85
2,4,9
5,7,54
1,12,68
1,1,82
4,32,217
5,5,54
1,4,108
3,6,61
2,3,272
1,8,7
2,13,34
4,6,136
1,8,12
1,12,92
4,8,149
2,15,444
2,5,98
2,8,58
5,11,41
1,4,127
1,15,8
1,7,75
1,67,32
3,18,12
6,19,22
2,12,16
4,22,34
1,3,6
1,1,54
1,1,49
1,13,111
3,1,60
2,4,77
2,15,75
3,9,33
1,6,339
4,10,43
1,9,53
2,2,20
1,13,1
1,7,136
1,20,241
2,10,96
2,6,183
8,20,32
2,23,180
2,17,370
1,6,350
1,4,17
3,1,88
1,15,223
1,3,191
1,2,126
2,13,8
1,22,9
1,17,136
5,9,314
1,3,218
3,7,115
2,8,48
1,10,129
4,13,118
4,4,18
1,20,32
3,1,93
2,7,30
1,1,64
3,34,245
3,12,7
2,5,145
1,10,162
1,2,30
1,16,64
2,9,24
1,21,10
4,1,27
2,11,200
1,1,130
4,9,213
2,30,205
1,4,40
1,23,428
2,18,267
3,4,63
1,14,46
1,5,99
1,1,62
3,32,4
1,8,75
1,12,34
2,3,120
1,19,308
4,2,66
1,8,179
4,9,141
3,78,31
1,2,19
2,7,46
2,8,58
1,10,61
1,6,149
1,15,25
1,22,150
6,12,1
2,1,48
2,3,91
1,1,51
2,3,14
1,5,2
1,44,46
3,3,118
2,5,215
2,2,14
1,2,50
1,8,62
3,2,40
2,1,18
1,7,193
5,3,116
2,7,98
2,4,48
1,1,100
3,2,37
5,14,29
2,3,287
2,5,399
1,4,156
2,21,292
1,9,4
6,2,107
1,1,85
1,11,116
2,5,118
2,4,38
1,27,11
3,2,160
1,14,106
2,6,178
2,22,5
1,3,285
1,9,178
2,2,291
3,39,190
2,3,26
5,2,75
1,10,61
2,4,14
1,4,122
2,4,78
3,27,122
2,12,227
2,4,3
2,6,3
2,11,77
1,14,95
1,8,54
1,14,30
1,5,45
2,5,64
4,17,115
3,6,362
1,1,376
1,3,282
1,16,34
1,4,179
3,3,6
1,15,175
1,1,79
6,25,21
1,4,2
1,14,57
1,1,5
1,3,32
2,25,39
1,41,7
1,7,35
2,2,141
2,6,37
4,4,135
2,11,80
1,15,64
1,1,51
3,6,55
2,1,29
3,15,65
1,49,133
5,10,228
1,11,14
2,1,7
2,17,50
2,2,50
5,10,143
1,23,63
1,1,60
4,1,69
1,1,49
3,10,30
4,20,29
1,3,93
2,5,109
1,15,101
2,8,56
3,2,13
3,11,32
2,4,71
1,14,100
2,11,9
2,6,85
3,1,72
2,7,205
1,5,68
1,3,89
1,6,48
1,12,55
4,2,44
3,12,54
3,5,57
6,10,204
1,62,3
1,3,163
2,1,58
1,4,25
1,22,106
2,16,16
4,3,132
5,6,56
1,19,15
3,6,153
1,3,170
2,2,112
3,10,168
3,17,18
1,31,67
1,30,73
4,25,8
1,10,73
1,5,209
1,3,150
1,3,10
1,13,53
1,9,38
2,12,36
4,8,69
2,5,23
1,7,102
3,11,53
2,54,63
1,15,110
3,27,205
2,15,133
1,3,34
1,16,48
1,4,206
1,5,151
9,7,52
2,6,9
1,44,89
1,3,117
1,19,38
1,38,9
2,10,111
2,1,12
1,7,18
4,14,144
2,2,123
1,12,242
5,19,7
1,1,109
1,2,87
1,10,98
1,10,34
1,17,35
2,14,107
1,9,9
3,2,97
1,29,44
2,14,54
8,8,46
1,2,197
6,7,55
1,3,95
6,11,42
1,34,243
1,4,68
1,7,20
1,2,121
2,2,22
7,10,130
7,1,17
4,12,44
4,9,100
1,10,17
1,14,2
2,3,36
2,1,150
3,1,85
2,2,186
3,2,117
3,11,58
2,5,350
1,4,114
1,12,58
4,5,107
1,8,59
6,4,43
5,6,176
1,1,117
1,29,19
3,5,153
1,6,77
1,10,9
2,2,342
1,3,10
2,22,462
2,5,19
1,3,27
1,17,55
1,1,163
5,5,11
2,1,52
2,9,158
1,10,40
4,16,5
2,4,31
1,14,25
4,24,54
1,29,66
2,19,8
2,5,35
2,12,12
1,9,16
1,6,1
4,2,20
1,1,66
5,8,103
1,33,92
3,31,555
1,13,17
1,18,41
1,37,42
1,8,23
1,46,134
4,1,143
1,6,277
1,9,22
4,2,111
2,17,137
3,18,11
3,5,110
1,5,108
2,3,61
1,7,79
1,1,1
2,3,26
1,4,73
2,8,157
1,23,98
2,3,86
2,13,114
1,5,25
2,14,66
1,2,55
6,3,26
1,14,202
1,17,446
3,6,148
4,4,63
1,8,204
4,5,145
1,3,3
3,14,16
1,9,175
2,1,222
2,4,219
1,8,22
1,2,215
2,13,46
1,24,46
7,2,64
2,2,4
1,8,17
3,4,13
2,30,276
1,6,350
1,40,71
1,5,77
4,3,97
3,24,133
8,1,105
1,16,84
1,10,292
3,20,219
1,17,304
5,12,84
1,1,92
1,4,217
1,22,39
2,15,33
3,7,5
1,1,14
1,6,48
1,47,403
1,6,275
3,6,88
3,4,327
1,20,13
1,8,22
5,14,34
4,14,11
1,32,35
1,16,30
2,19,108
3,1,15
3,12,366
1,12,103
1,1,52
2,10,83
3,1,310
3,1,12
1,3,99
2,25,92
1,21,134
1,2,103
1,5,7
1,9,253
3,2,29
1,1,17
1,4,141
1,28,26
1,18,225
2,2,34
1,7,122
1,33,161
2,8,54
1,7,109
1,1,111
1,10,18
1,1,91
1,9,179
1,27,184
2,8,61
6,28,256
2,14,52
1,6,78
1,20,132
4,6,214
1,9,71
2,18,216
1,17,116
4,2,50
1,6,23
1,17,74
1,11,162
1,6,177
1,2,237
1,5,28
1,7,55
1,15,106
3,2,75
4,9,6
3,1,172
1,3,86
1,14,22
2,37,48
1,9,123
1,19,219
1,4,5
2,6,158
1,8,82
3,3,67
1,6,4
4,6,18
1,9,177
1,7,94
1,7,63
1,4,184
2,8,67
4,1,33
2,2,22
1,1,71
1,1,1
1,1,59
1,36,6
1,5,69
1,11,90
1,1,54
2,21,29
2,8,51
1,2,27
5,9,90
1,5,9
2,29,145
3,9,66
5,14,4
4,10,117
2,23,116
1,4,61
3,1,10
1,9,280
2,10,91
2,1,272
1,1,114
1,10,59
2,7,151
1,10,6
1,19,111
2,23,128
6,14,16
1,3,531
3,3,8
2,3,24
1,4,37
2,4,195
1,15,174
7,13,88
1,25,252
1,3,49
2,1,297
4,4,32
3,4,15
5,2,19
2,16,89
1,13,15
1,9,47
2,10,136
8,2,36
1,2,23
1,4,4
1,46,2
1,4,23
3,3,119
1,53,79
1,2,99
1,1,89
2,10,96
5,22,299
1,10,69
1,40,264
1,2,18
1,1,191
3,9,4
1,48,129
1,9,20
1,18,132
1,1,11
3,2,69
1,6,172
1,5,22
3,5,28
1,5,58
1,30,76
1,3,341
2,5,208
1,17,209
4,23,45
2,2,229
3,3,42
2,6,28
1,1,19
1,6,11
1,9,45
1,6,42
3,3,186
7,26,62
3,17,5
3,6,330
1,9,212
1,4,14
2,14,2
1,19,42
1,8,53
1,1,152
1,13,300
1,4,79
2,3,8
3,2,7
5,12,29
1,3,85
3,2,104
1,7,47
5,1,9
2,8,10
1,4,66
1,47,142
1,1,120
1,16,35
8,20,4
6,8,357
1,19,5
2,15,138
1,2,66
2,3,318
2,12,34
2,1,262
2,8,31
4,14,87
3,17,7
1,13,55
1,2,460
2,11,28
1,4,177
3,9,1
5,19,43
6,9,22
3,4,6
1,2,16
1,9,55
1,9,12
1,4,32
2,2,99
4,2,8
1,15,23
3,1,10
2,8,42
5,3,99
4,8,145
1,25,49
1,10,86
2,4,73
4,2,23
2,5,134
1,9,71
2,6,148
1,6,246
1,3,78
1,13,121
1,22,218
1,16,166
1,12,3
1,15,275
1,4,68
2,1,9
2,8,40
2,30,117
3,2,128
1,3,186
3,2,46
2,2,17
1,14,206
1,12,44
2,1,79
1,3,48
1,8,65
2,12,117
1,1,108
2,17,78
4,4,32
1,4,173
1,12,44
1,1,91
6,5,91
1,2,69
1,15,148
1,15,277
1,1,254
1,13,42
1,3,41
1,1,228
2,7,44
3,2,90
5,24,77
1,23,64
3,4,33
1,14,109
2,15,177
1,8,194
2,4,186
1,11,127
1,2,85
1,7,19
2,2,30
2,4,103
1,5,103
1,4,46
7,32,189
2,10,102
2,9,65
1,8,81
1,23,4
2,3,105
7,7,192
2,3,206
2,14,28
1,18,22
2,10,183
2,9,434
1,7,32
3,6,93
2,10,341
5,1,81
1,19,2
7,8,216
1,6,301
1,1,27
1,5,37
1,2,100
1,6,202
2,3,1
1,7,126
1,7,256
2,8,39
1,14,61
3,18,60
1,4,21
4,1,196
3,22,10
2,2,60
2,4,151
1,3,243
3,37,9
1,13,411
5,6,102
1,8,10
1,1,505
1,9,398
2,3,86
7,10,44
3,3,20
1,22,283
5,3,39
2,28,17
2,4,323
1,8,357
4,6,19
2,16,184
2,10,24
2,5,25
5,5,54
2,4,83
3,1,77
2,8,185
4,35,86
1,7,159
1,16,62
1,2,232
1,2,46
1,5,16
1,5,118
1,34,77
2,5,107
1,3,222
2,16,279
1,2,12
1,4,92
2,1,3
1,19,68
3,2,1
4,1,153
4,15,117
1,1,45
5,27,18
1,8,123
1,24,30
1,7,4
2,8,455
1,5,189
4,9,128
1,8,112
1,11,67
1,5,38
2,5,7
1,2,188
1,14,30
4,29,21
2,8,18
2,22,184
2,11,50
1,2,54
3,14,1
2,9,249
1,3,108
1,26,75
1,2,19
3,5,3
1,15,136
1,10,549
1,11,153
4,7,83
2,6,201
1,26,95
3,5,36
1,6,130
4,31,152
1,20,30
1,8,4
1,6,37
1,1,50
1,9,216
1,7,34
3,5,104
5,1,105
1,24,24
6,1,169
1,12,244
2,21,21
1,17,128
2,8,203
1,17,80
1,3,106
1,7,40
4,19,212
1,2,359
2,1,18
1,7,112
2,14,98
2,4,1
2,14,21
2,12,101
2,9,402
1,23,322
2,17,73
1,5,16
4,1,36
1,22,67
2,34,7
3,2,50
2,3,118
1,1,125
1,1,248
2,18,65
4,8,3
3,4,67
1,3,30
2,3,155
1,11,76
5,2,18
3,1,345
1,16,12
1,2,447
5,2,38
1,17,30
2,8,158
2,4,160
1,1,12
2,3,191
1,2,257
1,4,97
1,7,35
4,6,90
2,5,24
1,12,556
1,4,140
3,2,74
2,25,219
1,9,24
1,23,32
1,5,119
1,7,188
2,11,129
2,35,407
2,4,32
3,6,183
1,3,26
1,1,49
2,13,36
4,5,27
2,5,484
1,14,106
2,19,142
1,2,84
1,4,35
4,11,3
1,18,168
1,22,26
3,20,129
2,2,9
1,3,201
1,4,61
1,4,8
1,1,113
1,5,32
2,9,15
3,1,13
2,10,38
3,2,127
1,18,105
3,10,51
2,22,16
2,5,383
1,5,47
1,1,76
2,2,31
1,9,46
2,12,1
1,42,44
1,2,444
2,3,20
1,8,13
3,8,46
1,9,15
1,28,96
2,38,80
1,18,85
3,8,67
2,20,149
1,5,184
1,10,207
2,4,263
3,10,168
1,7,1
2,5,114
1,4,6
2,13,149
3,9,172
2,2,31
1,14,73
1,6,149
1,8,20
1,19,4
2,4,99
1,11,131
2,2,72
3,6,46
2,1,51
2,6,35
2,17,23
2,16,3
1,5,1
2,2,14
1,5,149
5,3,10
3,8,69
3,9,132
1,7,31
2,2,34
1,1,1
1,6,20
1,3,181
1,5,141
1,5,139
1,5,44
2,3,170
1,8,39
2,6,115
3,3,196
3,2,326
1,6,50
2,4,36
1,4,42
1,17,130
1,3,34
1,8,265
1,1,165
1,2,39
1,10,24
3,18,34
1,5,43
4,1,113
3,10,133
6,17,63
5,4,2
3,9,5
1,1,30
2,4,8
1,3,36
2,3,55
3,23,13
2,8,3
1,6,139
3,3,25
1,32,413
2,3,37
3,5,84
2,6,24
1,2,19
1,14,126
1,3,22
1,5,1
2,2,239
2,3,111
2,7,53
1,13,13
6,24,17
1,16,46
4,1,49
2,9,142
1,3,140
1,2,33
1,6,223
1,3,135
1,2,22
1,17,46
3,38,1
1,14,155
2,18,54
4,9,124
3,1,194
2,26,273
3,15,664
1,10,5
3,3,31
4,1,198
1,5,117
1,25,146
2,14,21
1,31,101
2,5,28
1,19,173
2,10,13
2,9,61
2,1,133
1,9,38
3,1,119
1,6,62
1,12,179
2,13,152
1,3,10
1,37,18
6,3,363
3,3,9
2,18,193
2,4,73
1,1,24
1,1,93
2,5,134
1,17,96
1,17,78
1,4,21
2,1,237
1,33,46
4,4,60
4,31,36
2,5,380
2,13,371
2,3,319
1,2,44
3,5,187
1,23,405
3,3,73
3,2,48
1,10,79
2,27,56
3,7,59
2,9,40
3,5,51
1,12,70
1,4,36
2,2,14
1,16,309
2,8,196
1,12,188
1,1,86
4,14,23
1,9,52
1,4,94
3,9,25
3,8,203
1,2,30
1,13,49
1,6,253
2,2,75
1,1,289
3,7,97
4,8,116
1,13,234
1,2,58
1,4,84
2,18,137
1,8,261
3,7,116
2,40,174
2,10,20
1,7,17
1,23,58
1,3,128
1,6,56
1,5,100
2,4,3
1,1,17
5,2,106
4,2,30
1,12,185
2,8,105
1,6,15
1,5,167
5,9,105
2,9,1
1,1,185
1,11,168
1,8,127
1,24,24
1,10,20
1,9,1
3,2,43
3,8,94
1,6,163
2,15,142
2,2,38
1,9,19
2,15,31
1,9,91
2,2,156
1,36,6
3,8,39
2,18,44
1,1,48
5,5,57
1,6,73
2,6,177
1,36,169
1,1,124
4,8,20
2,5,87
1,19,40
1,12,89
1,19,88
2,12,1
2,2,383
1,3,74
2,19,13
4,6,105
2,1,30
3,1,44
2,11,37
2,10,24
2,10,30
1,2,178
1,3,107
2,16,96
1,9,189
3,13,290
1,6,25
3,6,73
4,8,49
1,1,44
3,5,4
1,1,201
2,7,106
1,1,141
3,2,22
2,43,41
1,3,63
2,13,189
1,4,148
1,10,60
2,20,6
2,4,46
7,6,153
3,1,103
2,2,72
1,3,92
1,3,44
1,2,83
2,9,202
1,12,245
2,8,227
1,13,33
2,5,114
3,4,440
3,15,41
1,16,343
2,11,1
1,23,803
1,7,2
1,23,168
1,11,28
2,11,74
1,27,91
1,10,23
2,2,56
1,18,192
1,38,13
1,5,56
3,15,51
1,21,135
4,1,26
2,8,55
3,3,18
2,8,80
1,6,66
1,2,1
1,3,104
1,2,68
2,3,119
2,2,48
1,14,24
1,13,31
1,7,30
4,4,22
2,2,44
1,1,128
1,6,26
3,7,63
1,20,452
2,1,362
2,15,26
1,13,196
1,4,54
1,3,43
2,32,92
2,5,103
1,5,74
3,1,83
1,20,41
1,4,73
1,14,104
2,13,1
1,3,211
1,3,74
1,12,208
1,15,105
3,10,60
1,11,63
2,6,211
1,9,106
4,9,161
2,14,15
5,80,14
1,18,9
3,10,110
2,1,32
2,1,52
2,3,104
2,4,36
1,2,290
2,25,19
2,3,73
1,3,97
2,10,16
2,9,196
1,8,7
2,42,131
6,3,42
2,5,18
2,6,102
6,18,54
1,10,286
1,4,56
1,7,46
2,5,111
2,10,103
2,9,134
1,5,26
1,2,64
3,2,17
7,11,3
2,8,50
1,22,195
3,17,173
1,4,175
1,10,4
1,5,19
2,2,69
1,26,80
5,16,201
1,12,54
2,5,124
2,3,25
4,3,517
1,1,35
1,4,47
4,6,91
1,24,182
2,6,8
1,12,30
6,7,74
4,12,4
1,2,71
3,1,4
1,13,130
3,3,84
3,2,16
1,4,133
3,15,6
1,4,13
2,5,197
1,32,42
1,1,23
3,8,67
2,3,80
2,6,195
1,5,119
3,5,48
1,11,14
2,16,312
3,14,120
1,1,66
2,22,207
2,8,8
1,8,36
1,6,456
1,3,47
3,18,80
1,5,244
2,3,507
1,2,157
1,3,199
2,15,6
3,31,283
2,2,53
1,1,49
1,2,5
1,4,60
1,21,76
1,6,250
5,8,126
1,10,23
2,4,99
1,7,12
2,5,26
1,11,38
2,26,18
1,18,53
3,15,47
2,1,124
1,2,31
2,8,232
1,3,44
3,5,33
1,10,112
1,4,358
1,3,21
1,1,54
2,7,140
1,25,122
6,8,19
5,24,27
1,8,83
1,5,224
4,6,413
1,6,21
2,26,64
1,8,293
2,3,28
1,25,4
3,11,221
2,8,229
2,4,81
4,2,35
3,6,109
2,1,113
1,14,2
1,7,84
1,4,6
1,4,175
1,11,98
1,11,23
2,7,25
1,15,9
1,3,98
2,8,46
2,9,93
2,1,325
1,18,205
1,3,91
3,16,402
1,1,60
1,1,65
2,25,49
1,20,280
1,2,2
2,16,181
1,2,10
1,2,9
3,10,82
1,2,1
2,2,23
1,22,87
2,6,137
1,21,55
2,7,101
4,5,249
1,6,104
1,5,42
1,3,49
2,3,71
1,18,82
3,3,26
1,4,43
1,5,96
3,34,119
1,30,179
1,11,253
2,7,81
1,2,146
1,1,40
2,9,45
4,6,1
3,14,92
1,5,148
2,16,213
1,6,117
1,10,97
6,5,214
2,1,140
3,7,64
1,2,199
1,12,17
1,28,221
2,5,94
1,5,270
3,4,381
3,8,21
1,26,2
2,4,138
4,5,113
1,2,30
1,6,12
1,9,17
1,6,64
3,3,36
2,8,11
1,29,67
1,10,162
1,3,100
1,18,156
1,5,19
3,2,73
3,20,18
1,7,171
1,23,55
1,2,41
4,7,33
1,55,64
2,1,85
1,5,15
1,3,93
1,2,15
2,2,79
4,15,26
1,15,190
1,5,115
1,4,7
1,12,4
3,17,149
1,12,51
1,11,33
2,28,1
3,9,61
3,5,16
2,5,167
3,2,108
1,2,85
1,9,140
2,6,24
1,5,120
2,8,134
2,2,8
1,4,186
1,10,3
1,7,9
2,7,3
1,23,78
1,85,12
1,15,3
1,13,14
1,1,24
1,21,10
2,24,212
2,4,48
3,3,68
6,13,251
1,11,41
7,6,69
4,17,17
2,2,367
1,20,13
1,50,182
6,18,153
1,7,86
2,5,137
4,1,110
3,2,56
1,2,49
3,13,49
2,16,55
1,25,36
1,13,274
1,3,57
3,4,100
1,19,18
1,14,99
1,6,195
3,15,8
7,9,396
2,5,20
2,3,143
3,2,11
1,25,32
1,37,67
3,1,138
1,3,395
2,2,23
1,13,227
1,2,282
1,4,28
1,3,293
1,1,54
1,17,218
3,9,23
2,4,31
1,9,19
1,18,31
1,8,65
2,2,18
2,8,66
1,11,54
1,8,97
3,6,153
2,51,64
5,3,21
3,3,271
1,18,10
3,2,5
3,11,157
1,4,10
6,19,29
1,6,19
1,2,108
1,5,33
3,1,5
5,17,63
3,20,113
1,4,152
2,8,64
2,10,202
2,2,465
2,3,144
2,1,8
6,6,51
5,1,49
1,10,150
1,10,38
1,1,124
1,3,64
1,7,88
6,25,7
4,8,78
1,26,7
1,13,52
3,9,16
2,19,100
2,10,54
3,25,3
3,31,276
1,7,20
4,21,9
3,4,157
1,3,15
3,18,110
1,18,59
2,3,82
4,11,45
2,3,50
1,5,144
2,26,355
2,2,33
2,2,96
3,1,20
4,19,104
1,1,195
3,5,316
1,13,58
1,5,81
1,4,162
2,6,69
1,16,134
2,3,43
2,20,41
1,20,39
1,7,260
3,1,11
1,2,5
1,10,74
2,8,19
3,6,286
1,7,77
10,5,87
1,2,6
1,18,2
2,8,213
3,5,38
6,9,160
2,7,143
1,20,113
1,8,266
1,4,106
1,2,89
1,1,442
1,12,63
1,1,98
3,5,192
1,3,4
5,21,252
1,2,12
2,2,14
3,3,224
1,3,272
1,12,31
2,22,10
2,53,72
1,6,72
2,6,498
1,8,14
3,33,156
3,14,131
3,4,138
1,17,67
5,30,130
4,3,13
2,1,57
2,59,127
1,4,28
3,2,16
1,6,8
1,5,21
2,25,197
1,27,51
1,18,49
2,6,41
2,9,148
1,1,98
4,13,26
1,6,131
4,4,150
1,4,139
1,1,153
5,3,228
1,19,80
1,6,62
5,21,94
1,4,40
5,2,104
1,31,278
1,23,53
5,21,30
1,22,7
1,6,1
1,1,132
2,16,42
1,2,20
2,4,49
2,8,170
1,1,90
2,3,19
1,12,76
4,2,210
1,2,67
3,1,9
1,1,9
1,8,90
2,8,191
1,10,133
1,6,5
2,3,57
3,6,63
2,4,65
4,25,47
1,1,5
1,16,63
3,9,67
1,8,84
1,30,17
2,15,33
2,22,86
2,2,243
3,18,51
1,32,57
1,9,22
1,4,163
2,13,305
2,1,163
5,4,210
2,32,533
2,16,47
4,3,70
1,18,98
4,4,27
5,18,142
2,11,50
2,26,85
1,37,66
1,4,10
1,5,282
1,26,10
2,16,19
4,4,184
1,30,119
4,8,187
4,2,196
1,5,340
1,6,95
1,14,12
2,7,39
3,10,42
1,10,31
1,13,298
1,9,102
1,1,212
3,1,509
2,1,80
2,12,251
1,14,113
1,1,75
6,1,9
7,1,11
1,2,103
1,17,28
1,12,1
1,28,169
2,18,13
4,2,132
1,2,85
2,5,71
6,19,353
1,11,6
1,25,88
4,12,61
4,14,21
3,5,90
1,2,27
4,4,149
1,11,14
2,11,118
5,8,241
1,4,140
2,1,77
2,2,153
1,3,135
4,4,48
2,13,85
1,2,93
1,14,153
1,5,62
2,2,33
3,4,68
1,4,115
1,8,10
1,9,48
1,10,53
1,14,63
3,2,51
1,17,69
1,6,216
1,5,102
2,1,158
3,1,13
1,32,242
1,12,6
5,28,173
1,4,40
1,8,135
2,8,16
1,8,83
1,6,120
2,4,373
1,5,191
2,17,163
1,18,21
1,4,31
1,7,53
2,5,180
1,11,227
2,1,5
4,8,21
2,12,109
1,13,272
1,9,114
3,5,35
1,20,174
1,4,26
1,2,9
2,45,17
2,8,87
3,8,156
6,3,106
1,13,59
2,1,64
2,8,227
1,9,38
1,8,29
1,6,257
2,8,50
1,6,103
3,23,75
1,29,56
2,4,43
3,5,23
3,4,4
2,12,276
1,1,38
1,5,266
3,25,307
2,21,77
2,14,240
1,5,129
2,6,4
1,9,47
2,2,171
2,16,76
1,35,62
2,1,103
1,1,76
3,3,121
2,12,75
1,1,78
1,6,8
1,3,126
1,27,24
2,57,134
1,20,40
1,5,279
1,26,35
7,35,98
2,8,26
2,10,105
1,18,185
6,1,109
1,7,136
1,10,78
4,3,43
1,8,74
1,2,42
1,5,6
1,8,75
3,12,1
1,14,19
8,10,395
1,1,16
1,1,124
2,4,60
1,8,24
3,2,32
1,4,67
2,3,116
4,3,18
1,1,109
2,12,100
1,28,152
2,2,158
2,4,247
3,15,20
2,17,27
2,7,18
4,2,4
1,1,35
3,37,226
3,7,68
3,3,30
1,37,101
1,30,53
6,5,13
3,15,74
1,4,69
1,21,33
5,4,180
3,21,18
1,24,16
3,7,132
3,6,21
1,1,392
1,23,130
1,32,43
1,8,120
1,13,18
1,19,82
1,3,134
1,22,31
1,1,48
2,3,92
1,6,327
1,17,382
1,24,57
2,2,1
2,21,39
1,10,66
2,8,78
2,21,9
3,7,28
1,5,43
2,59,59
4,6,45
1,3,81
4,2,141
1,19,291
3,4,3
3,36,4
1,3,66
1,7,61
1,21,107
1,17,214
1,22,99
4,9,18
1,4,239
2,9,166
8,5,348
1,27,39
1,16,28
1,9,32
6,10,312
4,11,9
1,22,18
2,21,15
2,3,7
7,9,453
1,4,155
2,6,212
1,11,183
1,2,93
1,12,46
3,16,286
2,9,493
2,9,95
1,21,38
1,8,40
1,13,144
1,1,52
3,11,162
1,15,205
1,13,104
3,1,60
1,4,36
1,10,156
1,2,67
1,6,95
4,6,107
2,39,130
1,16,137
1,13,46
2,5,12
1,15,210
1,10,339
4,4,63
5,5,69
1,10,73
1,5,41
1,2,22
1,1,137
5,13,41
7,9,62
1,2,9
3,3,48
1,2,30
1,4,26
1,12,63
2,6,108
2,1,178
2,9,35
1,2,26
1,1,29
3,10,41
1,1,89
1,11,41
3,3,46
2,14,42
1,8,37
1,5,20
4,6,108
1,8,201
3,8,6
1,7,141
5,3,158
1,13,40
2,26,85
1,5,37
2,9,65
3,20,11
3,1,21
1,1,50
1,5,81
4,9,67
3,6,144
1,23,145
4,16,23
4,13,197
1,24,5
2,5,45
1,5,49
2,8,180
1,10,69
2,1,9
1,5,131
2,5,151
1,36,199
1,10,40
5,13,72
2,3,9
2,12,20
1,29,3
4,9,121
1,7,107
2,16,42
3,4,149
2,4,20
1,9,190
1,1,71
1,3,6
1,2,180
2,1,76
1,22,30
3,4,561
3,1,153
8,66,113
3,13,27
1,5,13
1,3,167
1,10,89
3,10,56
1,2,9
3,5,56
2,2,57
1,2,507
2,13,118
2,4,8
1,5,113
3,24,57
1,6,20
1,5,22
2,2,36
2,28,116
2,45,140
4,8,31
1,24,59
1,19,96
6,2,78
1,5,60
1,7,11
2,35,186
4,28,65
2,15,73
1,4,128
3,46,303
2,8,25
1,11,46
1,3,47
3,15,134
2,23,30
2,14,17
1,2,62
4,1,46
1,4,299
2,7,169
2,10,66
1,25,213
2,4,97
1,14,31
1,1,7
1,4,21
1,12,12
1,29,185
2,6,113
2,2,41
1,21,12
5,2,35
2,20,158
5,8,34
2,4,160
2,1,82
2,4,143
1,3,9
1,2,12
6,4,191
1,22,2
2,17,276
1,3,2
5,1,174
1,1,221
1,1,151
1,7,167
2,4,4
4,12,2
2,11,30
2,16,10
1,21,12
3,12,140
1,18,352
1,13,274
2,15,32
6,9,43
1,43,50
1,14,193
1,27,104
1,8,588
1,10,165
2,9,23
4,3,243
3,5,94
1,8,93
1,2,83
1,3,75
5,13,7
4,10,23
1,8,52
2,8,1
3,8,63
1,15,114
1,28,36
2,1,38
3,29,122
5,20,254
3,13,29
2,3,313
4,6,232
1,5,10
1,8,40
1,2,191
1,8,8
3,6,181
2,2,296
1,3,24
1,9,20
2,11,4
1,3,23
5,5,51
1,5,135
1,1,3
3,10,1
1,5,76
1,4,48
1,3,279
4,11,58
2,6,81
4,2,27
1,6,35
1,4,139
5,13,130
2,9,36
1,17,17
1,3,42
1,1,260
2,1,80
3,10,17
1,2,55
3,34,93
1,1,33
2,2,255
2,10,190
1,3,20
1,33,320
1,13,1
1,14,74
3,3,367
1,3,46
2,1,123
1,12,178
2,15,128
1,15,64
1,3,21
2,4,40
1,32,40
1,22,4
3,17,78
2,4,42
10,4,219
1,14,91
1,21,7
2,1,14
2,25,95
1,9,106
2,3,247
1,4,224
1,9,37
1,17,14
2,8,349
1,8,336
1,16,112
2,8,93
1,3,304
1,33,44
2,30,105
1,12,392
3,2,27
1,14,440
2,10,128
4,7,8
8,14,273
7,15,46
3,6,34
1,1,27
1,13,20
1,8,126
1,30,19
2,7,37
2,32,358
1,10,89
1,13,61
1,8,137
4,13,59
1,20,3
2,15,128
1,1,195
1,2,10
2,1,308
2,1,195
1,20,61
2,4,249
3,4,89
4,9,52
1,8,6
1,7,115
1,10,137
1,4,3
2,1,134
2,4,40
3,4,75
6,32,76
5,64,110
3,7,19
1,1,24
1,32,48
1,1,106
1,3,19
2,3,247
1,14,240
2,4,30
2,9,96
1,13,86
1,31,2
1,21,77
2,4,169
1,8,276
3,2,37
2,5,39
5,5,91
1,10,33
1,12,142
4,2,45
1,22,97
3,6,170
1,10,4
1,4,11
1,6,203
2,14,36
1,18,39
2,2,103
3,31,14
2,16,23
2,7,143
6,21,83
3,7,91
1,24,90
2,24,122
1,1,12
1,10,76
1,22,211
2,7,143
3,4,2
1,9,24
1,12,47
1,1,117
1,9,94
2,2,15
1,12,14
2,20,190
2,14,53
1,21,73
1,5,190
1,4,97
5,10,105
1,21,270
1,2,44
2,1,68
1,2,26
2,3,1
1,2,6
2,18,131
2,3,62
6,7,79
4,3,536
1,6,35
1,4,6
2,6,114
4,32,26
1,16,104
1,9,560
3,9,328
1,3,300
4,6,68
1,1,19
1,2,134
2,1,111
3,8,135
4,7,1
3,7,152
3,20,125
7,10,62
2,1,310
2,11,141
1,3,261
1,2,61
1,17,113
1,7,51
4,12,26
1,41,181
1,1,39
1,4,23
2,11,4
3,26,112
2,9,342
2,18,6
6,12,78
2,1,253
8,8,60
2,14,96
1,5,6
1,2,25
1,21,143
1,14,96
3,33,31
3,1,86
3,1,34
2,21,38
4,15,128
1,13,18
1,5,52
1,2,2
1,15,79
1,15,277
3,4,13
3,27,78
2,3,187
2,5,77
2,2,125
3,1,32
3,2,64
2,1,7
3,1,136
1,14,134
1,1,307
1,2,2
1,9,2
1,6,27
1,7,24
4,1,278
1,9,73
1,8,49
1,8,35
2,7,34
1,9,32
1,2,8
2,32,64
2,16,13
1,1,9
3,19,99
3,2,272
3,18,113
2,9,167
1,4,21
3,4,152
2,5,14
2,2,91
1,6,179
2,17,176
2,3,44
2,2,84
2,1,152
2,5,30
3,1,346
1,21,120
1,24,421
1,2,225
1,8,204
3,3,187
7,1,78
3,1,292
3,15,57
2,3,114
2,4,71
1,44,141
1,2,605
1,4,53
1,6,49
4,4,50
1,18,44
10,2,240
2,7,188
1,11,16
1,25,167
3,12,176
1,30,175
1,14,102
2,13,73
2,3,38
1,1,78
1,6,453
1,7,47
7,3,74
1,54,137
1,4,11
5,7,87
7,5,44
4,38,207
1,19,6
1,11,1
5,3,34
1,5,82
1,9,49
1,18,68
3,4,9
3,9,26
1,7,74
1,2,27
4,3,70
1,13,105
3,8,171
1,7,59
2,6,243
1,20,118
2,3,28
1,4,3
1,17,34
1,12,200
7,2,36
1,12,5
1,9,13
2,3,46
4,8,49
2,15,93
2,8,82
1,7,21
2,13,57
1,5,79
1,10,57
1,5,39
3,52,27
3,15,5
1,3,26
1,10,58
2,12,91
1,8,130
4,17,26
1,22,87
2,20,73
3,1,231
2,25,26
2,4,144
3,1,15
3,15,34
1,15,13
1,4,159
1,4,194
1,7,23
2,6,8
1,1,68
3,11,40
2,5,40
3,18,222
3,4,85
3,9,13
3,20,241
1,3,25
4,6,5
4,13,2
1,4,119
1,12,170
2,18,43
1,9,58
1,9,20
1,20,84
2,6,41
3,1,68
2,14,24
2,5,107
1,19,37
2,26,98
1,5,8
4,2,134
1,5,57
2,8,17
1,5,256
1,2,2
4,21,111
2,5,48
1,32,89
2,2,73
1,17,71
1,18,210
4,34,35
2,5,227
1,2,29
5,13,96
2,9,28
4,2,8
1,6,21
4,26,50
1,1,244
1,6,12
1,2,118
1,2,78
4,4,88
2,4,132
2,1,47
1,2,63
1,8,8
5,2,11
3,31,71
3,10,12
1,5,23
2,2,203
4,1,5
2,3,16
1,1,184
2,29,293
2,11,425
2,1,1
6,2,86
1,2,54
1,13,40
2,9,54
2,8,189
1,6,22
1,20,67
2,11,94
1,16,249
2,15,60
1,1,41
2,7,135
4,4,57
1,1,9
1,6,16
1,2,106
1,7,77
2,19,24
5,2,4
2,19,64
3,22,112
4,2,106
1,6,6
1,2,267
4,6,37
2,3,288
1,5,361
2,5,61
1,3,11
1,1,16
1,5,124
1,14,35
1,22,57
3,26,296
1,14,55
1,13,126
1,6,549
1,21,128
1,15,106
1,1,8
1,1,4
2,6,29
2,1,181
4,1,127
2,2,68
1,20,97
1,21,128
3,18,57
1,7,138
1,4,181
1,7,216
2,10,33
1,25,44
2,14,21
1,40,11
3,3,31
1,7,82
1,12,89
1,5,19
2,8,211
3,24,147
3,32,127
1,12,38
6,1,41
4,13,69
1,15,9
1,11,115
3,3,237
2,1,12
1,2,140
2,11,2
3,8,166
1,20,54
1,38,122
1,7,87
2,5,36
1,25,285
1,8,110
1,2,231
1,9,222
5,10,2
1,16,94
1,7,257
3,7,35
1,14,8
1,6,123
1,4,38
2,2,78
1,13,63
1,4,24
1,23,3
8,2,27
3,4,61
3,29,152
1,4,6
1,6,87
3,5,65
1,2,61
1,25,207
2,4,227
4,23,54
2,1,36
1,10,154
1,19,63
2,1,3
1,6,261
2,19,168
1,2,4
1,11,5
1,19,208
5,2,115
1,9,50
1,4,61
3,2,88
1,6,117
2,1,7
1,16,1
1,3,69
1,4,189
6,9,21
1,21,229
2,6,31
1,4,42
2,13,113
3,12,78
1,2,98
3,37,215
2,15,203
1,1,187
1,21,53
1,24,8
1,2,51
4,3,51
1,19,312
3,21,618
3,19,144
2,30,29
2,6,52
2,6,78
2,17,6
1,6,18
1,3,59
3,3,43
1,5,165
1,6,4
3,14,254
3,1,43
1,1,141
2,2,56
1,2,6
2,33,279
3,11,13
1,1,64
1,19,27
1,3,102
3,2,308
1,39,105
3,16,103
2,20,17
2,2,513
1,1,14
2,2,104
2,8,261
1,5,121
1,14,242
3,11,208
1,10,36
2,5,16
1,49,175
1,4,116
1,1,119
4,3,2
1,1,24
1,1,43
2,4,55
1,4,118
1,1,16
2,9,122
4,11,267
1,4,339
4,7,12
1,7,628
3,18,72
1,17,98
4,10,71
2,5,10
2,3,31
1,22,260
4,1,72
2,8,151
2,6,83
1,3,56
1,4,149
1,27,121
1,9,21
2,6,60
4,10,113
3,34,116
2,5,19
1,5,139
2,1,71
2,2,198
2,14,21
3,19,124
2,2,225
2,3,29
3,7,135
1,29,33
1,4,17
7,3,293
3,6,45
1,7,27
1,2,212
7,2,185
3,2,249
1,2,1
2,14,63
1,1,50
3,26,215
1,15,45
1,1,105
1,5,5
1,4,117
3,21,136
2,9,104
4,26,115
1,4,65
2,1,108
3,27,295
3,6,109
1,2,78
2,30,89
2,6,91
1,21,15
2,11,467
2,16,156
3,9,173
1,5,370
1,2,285
2,2,36
1,11,28
2,2,5
2,49,47
2,12,144
1,2,10
1,6,469
1,3,233
1,22,43
1,3,24
2,5,41
2,9,14
4,1,6
1,2,85
1,9,400
5,2,20
2,6,58
1,1,100
1,36,94
3,5,21
1,1,17
2,7,354
3,16,9
2,3,38
2,1,66
7,9,101
2,14,188
2,2,21
2,21,71
5,12,12
5,2,89
1,9,184
2,13,46
5,5,28
1,7,16
1,2,59
3,26,108
1,48,75
2,2,30
1,19,20
1,7,65
2,15,224
4,15,283
1,7,42
2,13,59
1,11,166
5,7,59
2,4,316
2,17,228
5,30,69
2,6,205
1,3,87
8,2,73
1,15,88
3,9,28
2,5,29
1,4,261
6,32,15
2,1,303
1,1,107
2,14,20
5,4,39
2,13,15
2,3,280
2,1,22
2,1,25
2,6,16
1,4,274
2,9,151
3,4,148
1,49,89
1,2,57
1,6,83
2,1,35
2,2,157
1,24,68
1,4,6
2,4,55
1,3,21
2,9,233
1,12,157
3,21,19
1,6,46
3,7,216
1,9,112
2,10,26
1,5,94
3,15,36
3,15,143
1,7,286
4,11,99
1,4,14
4,2,41
2,10,1
3,21,95
1,2,136
1,22,60
6,25,98
1,3,283
3,37,102
1,33,96
3,7,6
1,3,238
1,13,74
1,1,35
1,8,87
1,3,1
2,5,41
1,2,65
6,63,25
1,19,36
2,7,153
1,4,78
1,11,12
4,7,99
2,3,36
5,3,69
2,6,248
2,9,72
4,5,114
1,11,64
1,14,31
1,2,200
2,4,57
2,14,33
1,2,47
1,12,33
1,4,97
1,1,14
1,6,40
1,7,110
2,7,55
1,3,162
1,6,118
1,5,217
4,6,117
1,10,66
1,14,34
2,5,74
2,3,46
1,4,314
1,5,37
3,1,10
2,2,18
5,10,119
2,13,67
2,6,32
1,3,69
1,4,83
4,6,46
2,5,270
2,1,23
1,6,32
3,19,122
1,2,42
1,31,3
1,1,161
3,6,6
1,1,100
5,12,112
1,1,82
2,4,71
1,2,17
1,1,40
3,13,18
2,13,14
1,1,93
6,3,13
1,32,73
1,5,61
1,1,8
2,2,148
1,13,4
5,9,63
3,3,79
3,6,32
3,9,23
8,3,238
2,16,13
1,2,44
3,21,110
3,29,104
3,25,431
1,27,160
3,14,60
1,6,197
1,14,97
3,5,31
1,4,26
1,3,226
3,16,48
2,5,47
1,2,154
2,5,105
2,16,103
2,4,2
2,7,179
1,6,144
1,6,39
2,15,34
1,4,112
4,16,136
1,9,28
1,12,10
1,9,8
4,2,29
2,11,51
4,1,32
2,31,63
1,24,163
2,10,114
3,13,98
1,28,11
1,5,125
1,5,91
1,6,86
3,2,98
4,18,65
2,5,41
2,1,113
1,8,69
1,17,138
3,2,275
1,3,74
3,13,174
3,27,67
2,5,61
1,8,87
2,6,9
1,16,55
1,7,86
5,10,1
3,1,32
1,4,73
1,12,192
1,6,16
1,25,264
3,9,2
2,17,62
1,2,700
4,14,41
1,8,454
1,5,65
1,1,2
1,9,196
2,15,9
1,11,340
2,1,64
1,2,78
1,1,48
1,11,283
1,5,29
3,21,42
3,9,226
3,23,118
1,2,80
1,2,185
2,9,159
1,19,42
1,7,57
2,3,94
1,6,117
2,22,195
1,21,26
1,4,67
1,5,43
1,1,5
4,2,52
1,4,164
1,1,43
3,2,74
1,8,137
2,4,21
3,7,117
1,11,89
1,10,12
4,13,20
2,13,60
2,6,72
4,4,138
1,19,25
1,10,55
3,10,4
1,2,44
1,7,63
1,6,178
3,2,174
2,19,81
1,36,35
2,2,31
1,2,48
4,2,298
7,22,32
2,14,10
1,11,31
1,14,41
3,3,28
2,55,35
5,4,168
4,5,130
1,6,56
2,1,85
1,5,66
1,2,139
1,13,3
1,7,51
2,6,160
1,43,42
1,1,22
1,11,60
1,19,109
1,3,155
1,1,48
3,1,69
8,17,18
1,8,132
3,2,19
2,3,139
1,3,21
1,2,3
4,27,165
2,3,260
3,8,113
1,6,54
2,4,20
1,7,63
2,6,36
1,9,30
1,2,126
5,10,437
1,7,61
1,1,5
3,5,15
3,10,58
2,10,202
3,11,54
1,32,83
4,21,1
1,6,118
3,7,24
2,11,81
2,14,58
1,2,69
1,2,12
2,2,23
1,11,83
4,1,42
1,11,13
3,5,260
2,13,90
4,8,41
1,9,23
3,15,85
3,25,50
3,29,46
3,2,102
1,18,79
3,8,76
5,1,52
1,12,31
1,4,64
4,36,132
2,13,90
2,23,369
2,9,77
1,8,23
1,13,8
6,1,211
2,7,46
1,5,144
1,3,115
1,2,53
1,5,51
2,4,22
1,12,1
5,1,128
5,1,203
2,3,101
4,3,44
1,35,70
1,8,108
1,17,3
1,10,24
1,2,113
1,1,312
2,22,90
1,3,83
1,9,98
2,32,53
4,9,58
1,2,14
1,5,216
1,21,109
1,2,61
3,2,51
1,2,85
1,7,187
2,13,27
6,3,73
1,3,327
2,22,95
1,8,136
1,4,11
2,1,71
1,15,25
2,8,61
2,6,5
3,15,7
1,3,50
1,20,301
2,2,34
2,12,56
1,5,13
1,1,21
5,12,38
3,2,121
1,5,129
1,4,10
4,4,163
1,8,25
1,2,92
2,1,21
7,1,134
2,4,9
2,19,112
5,2,415
2,13,31
1,20,5
2,3,15
1,2,19
2,4,71
1,7,34
6,8,19
1,1,41
1,7,9
1,21,72
1,22,158
7,17,357
1,4,69
2,2,19
1,7,100
1,1,28
5,5,168
1,3,246
1,3,36
1,2,159
1,11,27
3,14,103
4,1,135
1,7,114
1,1,3
1,13,48
3,15,67
1,5,4
2,8,109
2,15,82
8,4,56
2,10,197
2,15,64
1,10,153
2,7,609
2,3,340
2,7,37
1,30,8
1,7,115
1,41,294
2,2,204
1,11,16
2,2,57
4,34,339
1,3,9
4,1,17
4,7,110
2,13,20
2,9,43
1,3,160
1,5,33
1,45,13
4,6,122
2,21,122
3,15,5
1,10,16
3,8,255
1,19,157
2,3,42
5,4,164
3,6,100
1,9,131
2,3,57
1,10,189
1,39,87
2,4,51
2,3,5
3,2,19
6,45,35
3,21,25
3,3,45
1,1,35
2,40,99
5,26,107
1,29,172
3,1,105
1,12,39
1,18,318
1,1,107
1,9,59
1,1,14
4,33,24
2,29,186
2,5,23
1,16,169
1,3,218
8,3,44
1,2,226
1,18,82
1,7,12
4,6,129
2,7,43
7,7,57
1,8,88
2,6,21
1,8,317
5,7,33
1,6,400
1,23,40
1,8,42
1,1,3
1,14,184
1,7,109
2,10,100
1,2,353
1,11,39
1,3,72
1,31,69
1,3,66
1,17,37
2,11,45
5,4,20
5,8,21
2,55,106
1,9,135
3,3,80
1,6,3
3,28,13
4,1,27
5,4,369
1,3,70
1,2,98
3,13,343
1,3,22
1,10,16
1,15,76
2,11,32
2,17,134
1,9,81
1,23,20
1,8,115
7,19,16
1,15,59
3,2,28
1,15,237
3,18,4
1,5,6
2,38,56
1,3,60
1,1,6
1,9,52
3,10,34
2,4,122
1,17,277
1,8,100
5,30,34
4,5,15
3,2,266
3,1,88
2,9,25
4,2,11
2,11,111
2,2,8
1,1,329
1,12,22
2,12,78
3,8,42
1,2,270
1,6,102
5,6,9
5,15,9
1,4,66
1,6,44
2,4,69
1,18,28
2,3,2
4,10,56
1,12,70
2,5,208
5,21,170
2,1,401
2,1,38
1,12,62
1,18,153
3,1,139
3,10,56
2,7,23
1,11,19
2,12,35
2,11,33
2,7,57
2,13,12
2,15,7
2,2,175
2,20,59
1,2,82
3,2,440
2,1,72
3,4,8
2,27,114
1,22,284
2,3,8
3,1,26
1,13,22
1,24,141
4,5,388
1,1,65
2,10,121
1,2,20
1,28,346
3,20,19
1,2,31
1,18,19
2,23,28
2,9,435
2,1,21
4,29,69
4,9,67
1,28,73
1,7,26
2,3,320
6,1,7
3,9,170
2,6,74
2,4,22
2,26,13
7,33,56
3,10,127
2,5,34
2,7,92
4,10,34
3,4,174
2,27,255
1,12,23
1,5,211
1,7,344
2,18,46
2,2,99
1,2,75
1,14,39
1,14,3
2,5,43
5,40,114
2,10,53
1,19,123
2,13,64
2,13,51
1,5,142
4,17,140
2,10,19
1,14,69
3,28,45
1,3,413
1,2,62
1,27,49
1,4,139
4,4,25
1,3,2
1,8,87
3,4,6
1,8,95
1,16,11
1,14,329
2,5,87
3,1,141
3,2,32
2,21,387
2,4,99
2,3,120
3,18,13
1,13,121
2,2,924
1,18,116
1,34,134
1,7,20
2,8,59
2,9,94
2,2,336
1,1,126
1,3,85
4,3,19
3,7,1
2,2,24
3,4,47
2,2,52
2,17,112
2,6,107
2,1,97
3,8,188
2,1,112
1,7,31
5,1,82
1,3,151
1,10,65
3,14,18
1,22,288
2,18,147
2,4,304
9,22,137
1,2,7
1,5,5
1,34,26
1,6,183
1,7,122
1,21,78
1,16,81
3,23,21
4,3,67
1,18,74
1,18,150
3,6,433
1,3,95
5,16,259
1,2,216
1,6,26
1,49,68
1,33,133
2,5,172
1,10,76
2,5,7
9,7,79
2,1,79
6,7,70
2,31,184
1,1,159
1,6,526
3,18,174
1,4,20
1,14,56
2,36,64
1,11,429
1,2,12
1,6,125
1,1,158
1,2,21
2,7,115
2,1,5
1,5,181
1,7,92
3,6,86
1,3,52
7,28,37
4,9,125
2,7,43
3,2,36
1,6,126
1,5,28
2,20,38
1,1,33
2,6,109
4,15,115
2,4,192
2,12,23
2,18,45
1,1,299
1,24,226
2,6,60
6,4,5
1,6,19
1,10,31
1,23,274
6,1,52
1,1,196
1,4,223
2,3,119
6,3,18
4,6,117
1,2,334
1,6,103
1,11,217
2,20,272
1,23,12
1,4,344
1,2,22
1,7,149
2,5,41
2,52,23
2,11,41
2,2,46
4,5,162
2,4,143
2,30,136
4,10,180
1,8,100
1,1,41
1,14,76
1,2,21
1,7,9
1,12,25
1,15,334
2,5,178
1,42,18
3,13,11
4,20,127
3,10,103
2,8,19
1,12,6
6,3,112
2,62,34
3,10,27
1,6,53
5,10,201
1,16,132
1,11,95
3,3,70
2,14,18
1,9,126
2,11,51
1,9,64
1,9,94
1,5,4
2,20,3
2,8,102
2,8,4
1,4,598
1,17,74
2,19,67
2,23,13
2,8,14
2,23,8
2,2,5
1,10,95
2,2,44
3,9,35
2,2,183
1,20,179
6,12,105
1,4,186
3,3,70
1,3,32
1,5,18
1,4,224
1,1,146
1,5,177
1,1,55
1,3,93
4,10,340
1,2,135
5,9,67
2,14,47
3,1,179
1,1,108
3,6,412
2,19,29
1,5,92
3,4,36
4,16,35
1,9,33
5,1,54
3,6,18
1,1,6
2,38,25
2,8,145
5,3,166
1,7,149
5,7,14
2,16,29
1,8,155
1,4,250
2,10,81
8,1,8
1,3,92
1,9,92
3,21,141
7,15,51
1,5,62
1,2,26
1,10,51
1,4,44
1,2,49
1,6,110
2,3,56
1,10,49
1,1,29
3,41,1
1,6,104
2,1,34
1,3,11
1,18,221
1,12,4
4,8,186
2,1,109
2,7,169
1,27,14
1,1,3
3,1,88
2,6,173
2,8,35
1,4,28
1,1,143
2,16,84
1,8,74
1,19,58
4,2,28
3,1,19
5,2,116
1,3,37
3,1,47
1,31,103
3,12,83
1,4,7
1,3,5
2,4,31
1,18,23
2,4,2
2,3,169
2,2,18
11,51,147
5,6,5
1,21,1
1,3,14
2,3,92
4,7,170
3,23,135
1,3,227
1,1,69
3,2,50
2,23,99
4,3,131
1,7,101
1,4,184
1,18,95
5,5,135
1,7,65
1,1,83
4,6,6
3,30,4
3,2,54
1,9,61
1,2,10
1,16,54
1,1,24
4,24,100
1,4,89
2,1,77
1,3,201
1,20,32
1,5,30
7,5,44
4,2,8
1,1,263
1,7,240
1,12,17
1,4,164
1,10,27
3,7,90
3,20,46
3,3,364
2,9,353
3,3,10
2,18,147
1,20,14
1,1,60
1,11,310
1,10,44
2,8,166
1,30,86
3,13,220
2,21,86
1,10,146
1,7,221
1,22,44
1,13,111
1,23,85
3,15,33
3,28,30
1,5,68
2,14,8
2,6,14
1,5,132
1,17,13
1,23,26
2,14,47
1,45,36
1,5,23
1,14,220
1,17,45
1,2,39
4,3,225
2,2,53
2,5,64
1,2,85
1,11,207
3,1,202
2,4,191
1,7,66
2,8,15
1,34,10
1,10,382
1,15,205
1,10,141
2,36,20
1,16,33
1,14,179
4,51,30
1,3,79
1,19,5
1,2,104
1,8,582
1,15,33
1,8,66
1,5,202
3,8,20
5,5,120
1,6,126
1,23,140
3,7,140
8,3,20
1,23,330
1,6,49
1,2,21
1,18,15
2,3,113
2,7,147
3,6,257
3,4,61
1,25,3
2,16,72
1,10,128
1,11,112
1,9,68
3,7,141
2,4,109
2,18,214
1,8,9
4,4,72
2,4,74
1,1,14
2,4,33
1,6,13
1,4,41
1,3,91
2,7,2
1,3,274
4,2,124
1,21,90
1,14,26
1,9,12
1,12,59
2,16,156
2,5,267
1,15,185
3,12,314
1,39,13
1,8,145
3,18,94
2,2,113
1,19,45
1,4,69
2,4,204
1,12,4
2,1,248
1,3,53
2,7,67
3,4,87
2,11,70
1,20,67
2,10,49
2,25,31
2,5,229
3,5,82
1,6,16
2,10,318
2,1,98
1,18,106
2,2,175
1,2,34
1,1,14
2,10,66
2,1,196
1,17,23
2,24,342
1,7,45
2,8,195
1,1,39
1,8,81
3,8,59
1,3,16
1,2,194
1,30,154
2,3,124
5,6,196
1,5,73
2,6,77
1,5,53
2,1,67
1,10,60
2,10,360
3,13,78
1,9,293
1,7,28
3,3,17
2,6,5
2,10,43
1,6,8
1,21,21
2,14,113
1,5,11
1,19,40
1,23,114
4,5,30
1,23,6
2,16,64
1,2,177
1,10,156
4,4,234
1,9,3
1,61,15
2,25,25
1,4,34
1,23,3
1,6,136
1,12,4
6,2,63
3,13,55
2,12,40
2,2,96
1,16,378
2,17,49
2,5,9
3,24,96
4,3,55
1,1,151
2,4,226
2,14,230
1,23,38
3,36,65
2,12,8
1,8,15
1,3,340
1,16,181
1,34,42
3,5,96
1,16,140
3,19,86
1,1,30
2,2,126
9,19,369
8,4,26
4,16,49
2,3,115
1,21,162
3,1,77
2,8,23
3,7,12
2,2,59
2,16,146
3,13,96
2,2,6
5,1,60
4,9,199
4,11,226
3,5,110
1,3,114
4,6,45
3,7,254
1,2,52
2,6,35
2,5,41
1,2,2
2,3,1
1,4,17
2,2,26
1,5,46
3,4,6
2,2,288
2,17,72
1,19,108
5,3,202
6,3,107
1,10,86
1,35,14
3,21,2
2,19,113
1,3,36
2,8,11
1,10,181
2,1,12
1,29,85
2,2,170
2,3,3
1,14,102
2,5,193
1,7,222
1,7,186
9,16,252
2,1,116
3,18,28
1,4,39
1,5,22
5,10,12
1,15,15
2,9,40
3,15,734
1,3,25
4,17,56
1,6,4
1,2,12
5,6,259
3,4,298
1,10,97
2,9,43
2,1,233
1,2,209
3,1,61
2,29,51
4,5,24
5,1,18
1,27,2
4,7,52
1,11,21
1,4,155
4,24,66
3,24,173
1,2,251
1,5,29
2,11,105
2,2,169
3,2,13
1,2,48
3,5,386
2,1,347
2,8,3
1,12,62
2,6,6
2,1,44
5,5,173
1,22,115
1,23,157
2,4,25
3,21,193
1,11,104
3,23,8
3,17,2
4,11,232
1,4,10
1,7,62
3,2,110
1,2,42
1,6,4
2,2,44
1,4,241
1,3,79
1,13,239
4,9,203
1,11,8
1,2,70
2,16,113
1,26,130
1,7,17
2,13,89
4,33,108
1,5,1
3,3,4
2,20,170
3,10,194
3,13,124
1,13,115
1,1,64
3,10,7
1,13,104
2,7,62
1,10,39
1,10,37
2,5,166
4,19,67
2,21,64
1,1,105
1,2,76
2,6,96
2,1,151
2,5,54
1,25,141
3,3,13
1,22,282
1,6,82
6,12,228
1,35,337
4,7,49
3,25,114
1,5,23
2,3,243
1,11,113
1,22,58
2,5,174
4,2,226
1,10,15
1,8,160
1,15,165
4,20,113
3,16,34
1,3,40
16,4,22
2,27,56
1,4,13
3,7,100
3,27,105
3,3,34
2,3,67
4,5,7
2,14,210
2,8,40
2,1,102
1,26,91
1,1,185
3,7,105
2,17,56
5,3,77
1,6,442
1,28,13
6,23,29
1,10,138
2,8,180
2,9,81
2,6,149
1,1,28
2,1,104
2,6,38
2,1,37
1,7,41
1,34,24
1,19,210
1,30,56
1,21,47
2,3,180
4,13,130
1,7,4
1,6,22
4,2,9
2,26,75
1,20,37
3,3,19
1,8,232
6,7,81
2,3,1
1,7,22
1,4,70
1,5,4
1,1,66
2,20,58
1,12,313
1,1,210
1,1,26
2,13,173
1,2,72
1,8,6
4,59,13
1,6,51
2,16,108
3,8,176
3,8,40
2,5,11
2,4,1
2,34,25
1,13,55
2,38,114
2,3,197
1,6,50
2,2,56
1,22,382
2,2,140
5,1,71
1,5,41
3,2,138
2,22,115
1,7,5
1,9,77
1,9,108
3,6,68
1,3,259
2,2,16
1,5,56
2,10,43
1,25,83
2,6,10
1,8,79
1,2,105
4,5,12
1,8,104
1,4,73
1,4,113
3,15,68
3,2,108
1,6,181
4,6,102
2,17,53
1,19,107
2,1,48
1,8,1
2,13,106
1,15,23
2,9,16
1,7,180
2,2,192
1,25,133
7,1,143
2,10,376
1,24,150
1,43,110
3,8,26
2,5,33
1,7,57
1,16,223
6,13,23
2,7,117
2,11,102
5,9,25
1,3,74
3,28,11
1,13,39
1,3,70
2,5,30
1,6,134
1,13,154
1,7,42
1,10,1
1,11,49
4,21,7
1,16,228
1,6,36
2,3,4
1,4,132
1,3,6
1,6,19
1,8,148
1,3,28
2,4,8
1,5,36
1,6,294
1,27,31
1,10,13
2,6,55
1,1,15
1,7,149
2,6,12
6,16,270
4,1,87
3,6,32
2,4,12
1,73,28
3,14,125
1,1,20
3,10,5
1,3,17
1,39,21
2,1,133
8,1,40
1,15,18
1,9,213
1,9,474
5,31,32
1,21,48
4,16,46
1,1,168
1,9,81
2,3,5
4,4,45
1,9,11
1,44,82
1,27,197
1,8,7
2,10,589
1,2,109
1,9,185
3,86,145
1,4,46
5,4,138
3,2,26
1,9,110
5,4,24
2,17,40
1,5,59
3,20,235
2,9,213
1,25,188
2,6,102
3,18,92
1,3,184
2,3,1
2,1,17
1,23,196
1,6,44
1,14,14
2,2,28
2,19,70
2,3,265
1,7,298
2,3,130
1,2,220
1,17,60
1,2,14
4,6,170
2,12,198
1,5,171
1,16,172
1,9,90
3,2,42
1,28,152
1,5,171
1,12,31
1,5,100
1,6,17
3,7,108
4,1,302
1,21,29
1,13,165
6,10,113
4,5,112
2,15,30
2,2,6
1,18,48
2,12,105
1,31,68
6,17,42
2,29,170
2,2,34
1,6,13
2,6,21
1,10,32
1,12,4
1,2,220
1,10,69
3,9,62
1,11,17
3,25,201
1,7,274
1,1,295
5,7,6
3,6,29
1,31,109
5,20,149
1,17,489
1,1,81
6,4,80
1,28,20
3,3,44
1,8,53
3,11,62
1,5,129
1,9,33
1,1,115
2,3,38
3,3,141
2,12,66
4,3,25
1,18,128
1,1,189
1,17,98
1,9,37
1,26,58
1,10,70
2,5,182
1,5,71
4,4,256
7,10,59
2,3,24
2,35,20
2,1,122
1,6,86
1,9,1
9,8,48
1,7,26
1,31,77
1,7,182
1,2,352
1,5,32
4,15,149
1,1,381
2,25,7
1,36,129
4,3,41
1,4,71
1,11,22
1,2,130
1,25,15
1,10,283
1,12,425
1,23,163
4,4,102
5,8,50
1,1,68
1,2,20
1,3,4
2,6,149
1,4,62
8,5,9
1,7,28
2,3,78
2,6,27
1,7,39
2,16,15
2,1,177
2,6,21
5,4,83
2,7,125
2,11,113
1,4,72
4,8,1
1,4,243
1,7,83
1,2,27
2,27,95
1,1,42
1,3,17
1,4,18
2,5,60
1,3,4
2,2,19
1,5,142
4,7,17
2,1,169
1,1,75
2,13,225
5,27,86
3,11,237
1,25,27
1,3,282
1,25,39
3,9,8
2,2,40
1,5,341
2,5,175
1,16,104
2,3,42
6,22,46
1,15,25
2,7,80
3,14,148
2,11,3
1,11,106
1,6,58
1,1,38
1,17,60
5,25,153
2,4,41
1,11,26
3,2,81
3,2,53
3,12,69
1,9,140
2,4,69
1,2,105
1,4,120
1,21,26
1,1,274
3,3,28
1,3,127
1,6,73
3,7,152
1,14,25
3,1,18
5,8,20
1,3,86
1,13,30
4,16,5
4,3,92
1,19,34
1,5,9
2,5,24
5,35,120
5,33,43
1,3,268
2,11,6
1,18,56
2,1,244
1,20,14
1,2,377
1,19,7
1,6,68
2,4,7
1,12,136
3,5,90
4,1,112
1,12,190
1,4,248
1,13,13
3,16,28
1,20,45
1,1,59
1,2,49
5,1,122
2,4,40
2,10,108
1,24,55
1,4,77
1,2,4
1,11,88
3,23,12
2,19,77
1,11,276
3,5,23
1,7,76
2,28,151
2,18,60
2,43,190
8,1,118
5,3,21
1,23,116
1,11,68
2,23,30
3,5,99
1,4,138
1,12,437
1,4,11
4,5,19
2,28,162
1,19,7
1,2,43
1,2,287
1,7,33
2,16,129
3,22,29
1,2,72
2,4,62
3,3,83
1,28,117
1,25,76
4,12,146
1,7,140
2,11,244
1,11,14
4,4,281
1,6,329
1,8,33
1,1,22
2,24,171
2,24,134
2,1,74
2,7,8
1,6,183
4,5,3
2,10,46
3,13,5
3,8,50
4,10,147
2,11,125
2,1,485
1,12,65
3,3,16
3,5,134
1,27,9
4,5,55
1,8,112
2,24,99
4,8,167
3,10,79
2,3,461
1,6,24
1,10,48
1,11,11
1,24,321
1,3,110
1,16,180
1,4,28
3,29,108
1,2,33
1,28,34
2,21,296
1,20,128
2,8,169
5,6,191
3,3,292
1,16,91
1,3,13
1,2,147
1,2,119
3,4,33
1,26,186
1,11,255
1,1,190
1,4,24
1,4,335
2,9,173
1,1,97
4,11,13
3,22,173
5,1,153
1,12,42
3,4,30
6,23,115
1,5,54
1,5,1
9,12,61
2,14,82
2,17,176
1,2,153
1,25,520
1,4,27
2,10,16
2,6,219
1,6,67
1,21,69
1,5,14
1,10,7
1,4,89
2,15,83
1,5,44
4,4,51
1,1,159
1,13,25
1,8,158
1,6,20
3,12,26
2,4,86
3,9,104
2,11,13
1,3,24
1,12,97
1,32,26
1,4,32
1,11,335
1,6,54
1,9,57
10,7,41
2,1,57
3,5,54
1,2,9
5,1,47
4,11,83
2,8,135
1,4,224
1,2,36
1,10,11
1,10,10
1,6,48
2,4,132
2,15,56
1,2,450
1,11,6
1,12,269
3,8,123
1,2,735
1,4,68
1,5,172
6,7,4
2,10,3
1,2,114
1,2,38
2,22,39
2,6,94
1,1,46
1,8,203
1,26,27
3,4,152
1,12,65
2,2,16
1,16,108
2,14,69
2,1,95
1,12,45
1,17,12
1,10,218
3,4,571
2,15,4
6,2,99
5,5,262
1,2,7
1,17,28
1,2,11
1,9,25
1,4,55
5,3,74
3,1,11
1,9,91
1,5,24
1,3,108
1,9,134
1,11,48
1,11,19
3,17,125
2,16,136
3,4,19
2,7,53
2,5,1
1,13,49
1,18,415
4,5,7
4,43,2
2,2,76
1,6,79
2,2,51
5,3,63
3,11,78
3,23,26
1,3,130
3,19,44
1,40,67
1,6,405
1,1,45
1,1,39
1,4,4
1,2,135
1,1,192
3,1,8
2,23,15
1,9,22
3,14,14
6,1,66
2,9,69
1,2,24
3,22,47
2,2,23
1,7,26
1,36,29
2,20,210
2,2,7
5,2,205
2,5,1
4,15,164
2,6,81
3,6,179
2,16,145
1,4,746
3,21,17
2,6,44
1,15,26
1,11,54
4,9,45
3,1,1
1,1,43
3,54,42
1,15,29
2,15,146
3,6,84
2,9,153
3,6,17
4,5,18
2,10,63
1,25,74
2,2,172
2,11,171
1,1,30
1,3,73
1,3,16
1,6,44
3,13,7
2,3,363
1,10,93
1,3,84
2,6,181
1,1,204
3,1,25
1,2,133
2,24,5
3,5,73
3,4,227
1,16,45
4,25,24
1,4,68
1,8,22
6,3,97
2,10,14
3,7,141
1,13,31
1,6,55
2,3,12
3,2,123
3,9,7
3,1,395
1,10,86
1,26,86
1,2,38
9,2,66
2,5,180
1,2,165
2,3,27
2,5,33
1,4,173
1,1,224
1,8,45
1,7,42
1,27,9
1,3,15
1,7,277
1,3,96
1,2,117
1,2,81
6,3,110
1,3,15
4,1,26
1,5,79
1,4,37
2,7,21
6,14,8
2,19,19
1,39,24
2,2,110
1,3,236
2,63,19
2,16,5
1,1,304
2,1,119
2,2,11
2,1,23
1,1,142
1,7,34
1,3,11
2,3,29
2,2,63
4,5,95
1,7,329
6,4,201
3,3,14
1,16,73
2,34,158
2,22,116
1,6,36
2,19,134
1,32,221
1,10,29
1,28,100
2,6,120
1,5,6
1,5,282
1,9,88
1,16,168
2,15,42
3,5,111
1,2,269
2,1,16
1,4,173
2,8,139
1,1,25
1,17,78
1,1,68
2,9,112
3,12,110
1,11,7
1,2,12
1,3,52
2,4,10
2,15,120
1,10,2
2,3,11
3,10,103
1,12,5
1,26,129
1,4,167
1,1,205
3,4,80
1,8,5
3,10,90
1,7,152
5,1,36
3,46,29
1,6,69
5,20,4
1,1,63
2,20,21
2,26,212
1,3,101
4,5,52
1,11,20
3,6,98
1,5,219
2,1,231
4,4,23
3,5,135
4,11,20
2,4,121
1,5,2
1,6,209
5,10,135
2,6,80
1,2,151
2,4,178
5,3,99
1,2,31
3,5,131
6,2,212
3,11,56
8,5,4
2,4,7
6,2,45
2,9,82
1,11,52
4,5,12
3,4,24
1,12,3
2,3,367
3,2,25
2,5,34
1,11,103
1,5,79
1,1,26
1,8,42
1,9,49
5,7,2
3,3,61
1,2,2
6,5,13
1,6,279
1,1,28
1,10,249
3,8,70
1,14,51
1,17,371
3,13,99
1,6,203
1,2,49
1,9,170
1,15,78
1,6,24
1,28,8
1,4,19
7,2,40
1,5,10
4,4,97
2,9,18
2,8,69
3,26,72
1,53,277
1,7,81
2,6,48
1,7,11
1,1,211
2,1,12
3,4,131
2,12,104
1,46,9
2,10,63
8,3,42
1,15,179
1,3,143
1,13,8
2,13,108
1,6,37
1,2,178
3,12,111
1,50,90
1,32,46
1,4,189
3,11,47
3,2,279
1,22,4
1,1,114
5,4,24
1,7,254
3,13,15
4,19,50
1,8,120
2,3,247
1,13,322
4,3,21
2,13,22
2,2,34
1,20,37
1,8,11
1,12,87
1,6,24
1,5,264
2,11,224
1,13,88
7,1,77
1,6,1
2,7,40
1,2,16
5,10,31
1,7,82
4,2,150
2,22,59
6,14,69
4,5,171
3,22,159
1,15,23
1,15,21
3,2,48
2,18,19
1,2,339
6,4,36
1,43,160
2,8,60
1,1,41
3,6,108
1,17,100
1,14,28
1,9,62
1,36,45
3,12,151
1,5,430
1,18,148
1,15,186
2,3,7
2,1,99
1,7,76
3,4,292
2,2,174
4,11,20
2,1,56
2,23,119
2,15,76
2,11,71
4,11,258
3,12,480
2,1,128
1,28,119
3,12,44
3,2,18
1,3,17
1,8,98
1,9,73
2,14,101
5,5,105
2,14,138
2,3,74
1,20,4
2,7,235
1,2,482
1,72,99
1,14,68
4,8,23
4,11,314
1,5,80
1,11,68
4,15,4
5,15,227
4,8,151
4,11,13
6,8,114
2,16,296
1,53,64
5,22,135
1,16,70
1,1,15
1,16,27
1,6,151
1,29,7
1,18,71
1,27,99
3,7,38
2,1,84
1,7,3
3,22,48
2,1,464
1,1,31
3,9,13
3,4,126
6,8,16
1,2,85
2,1,77
1,1,212
2,1,188
2,10,49
1,6,19
2,9,50
1,8,64
2,1,15
1,12,5
3,4,21
1,29,197
1,11,25
1,12,89
3,9,96
1,2,81
1,10,160
2,19,107
1,6,88
1,7,61
1,10,150
1,6,300
6,3,80
3,1,9
4,9,159
1,3,180
2,13,21
4,7,31
3,7,79
1,8,90
4,11,14
1,4,88
2,2,29
1,7,63
1,10,5
3,1,67
1,4,8
1,6,27
4,1,1
4,29,129
8,4,82
3,2,62
1,16,248
1,21,5
7,2,22
1,4,158
1,20,28
1,11,85
2,5,166
3,2,317
1,6,16
2,1,26
1,14,38
2,4,52
2,11,159
2,14,501
3,8,125
3,1,113
1,19,511
3,13,79
1,11,31
1,4,24
4,3,81
1,11,7
3,29,43
1,5,23
1,13,80
1,9,31
2,7,217
3,2,191
2,15,22
2,8,56
3,6,182
1,1,79
1,2,5
1,13,16
1,1,33
1,29,185
1,3,95
4,4,190
2,10,73
1,3,288
2,22,42
1,8,86
1,17,125
1,1,50
1,20,172
2,12,86
2,18,106
1,1,69
3,10,118
2,1,20
1,4,3
6,57,11
4,7,137
2,4,17
2,5,2
1,1,4
4,3,64
6,15,298
1,3,21
4,6,174
4,11,37
1,38,84
3,10,14
3,13,93
1,1,11
9,10,353
2,14,2
2,10,168
1,10,171
5,8,287
2,14,49
1,33,205
4,17,24
5,1,14
4,5,170
1,11,196
2,42,69
1,4,56
3,11,25
1,1,9
3,18,26
2,14,214
1,4,15
1,28,44
1,5,80
1,3,158
1,6,19
1,5,41
1,13,5
1,32,5
1,1,44
2,5,220
1,2,8
1,12,71
1,9,289
1,1,28
2,32,23
1,16,199
1,4,20
1,48,87
3,1,59
3,5,239
10,14,165
2,1,168
1,17,41
1,2,52
1,20,361
2,9,100
1,2,112
1,4,179
1,9,176
2,3,74
1,8,109
1,22,103
7,3,52
3,11,6
3,5,70
2,6,10
2,15,174
4,38,22
1,12,93
1,19,2
2,2,93
1,3,70
1,12,73
5,3,139
2,15,176
1,5,130
1,10,26
1,12,87
3,10,220
1,8,46
2,3,270
3,4,248
4,8,255
1,2,138
2,23,204
2,7,55
2,9,689
1,1,29
1,5,304
2,2,88
3,14,59
1,5,27
1,8,164
1,4,34
3,3,10
2,15,37
1,5,124
3,3,160
3,6,268
1,6,18
2,4,121
10,1,82
2,1,28
1,1,1
4,10,233
1,2,41
1,20,9
2,4,190
2,4,8
1,4,121
1,11,10
3,18,57
2,10,44
1,1,27
1,11,130
3,7,91
3,1,112
3,14,31
6,6,12
3,3,36
1,38,2
1,8,179
2,12,619
6,1,342
1,11,17
2,27,403
2,19,6
7,1,29
1,5,88
1,18,33
2,37,27
2,4,5
1,15,21
1,3,20
1,63,68
4,5,217
2,39,11
2,6,69
1,20,28
1,18,76
1,28,7
1,1,32
1,15,24
3,3,5
3,20,20
6,6,58
2,27,20
1,7,129
1,7,44
3,2,28
1,6,5
2,1,8
1,28,4
1,2,349
1,6,159
1,14,33
5,13,114
1,8,7
2,1,67
1,5,4
1,11,205
4,15,25
1,2,11
3,3,90
1,11,243
1,14,10
1,7,10
1,38,153
1,12,25
3,20,21
2,7,23
1,2,37
2,28,305
1,1,18
1,34,82
2,8,246
2,5,10
2,29,159
2,9,109
2,10,27
1,2,189
5,8,48
2,28,120
2,9,98
3,11,22
1,16,31
4,16,29
2,9,141
2,36,143
1,3,32
2,5,76
1,4,123
1,28,139
1,3,54
1,6,18
4,15,365
4,7,116
2,4,46
3,17,30
2,13,29
1,4,538
1,2,118
2,9,164
4,29,36
1,34,96
3,7,49
1,2,70
1,27,48
1,8,25
1,15,9
3,5,3
1,16,135
1,47,406
1,15,44
2,8,153
1,12,83
1,2,25
3,6,163
2,45,54
3,20,20
1,2,45
3,5,21
1,17,136
3,15,10
4,2,79
1,11,144
3,27,97
1,8,66
3,10,41
2,8,215
2,2,93
2,9,104
4,16,164
1,16,45
1,6,119
1,5,72
1,7,102
4,3,101
2,26,57
1,4,87
1,9,155
2,7,67
2,10,9
1,4,37
4,2,51
4,3,7
1,4,2
2,20,23
1,6,41
1,10,283
1,4,273
2,3,36
1,1,169
4,8,173
7,5,34
2,18,47
3,9,18
1,54,94
1,2,179
1,4,87
1,2,5
3,16,26
1,9,91
1,19,17
2,1,9
1,1,36
4,16,171
4,10,19
1,46,133
2,12,21
4,65,55
1,5,6
1,16,41
4,15,107
4,17,213
1,1,90
3,2,220
1,14,81
1,2,278
1,7,68
1,11,386
3,15,106
2,6,206
1,2,21
1,38,15
2,9,5
1,6,32
3,13,139
1,17,214
1,13,134
1,1,170
1,14,179
3,11,30
2,1,345
1,3,129
1,10,24
3,6,9
4,3,96
1,7,37
2,11,80
1,7,78
2,9,192
1,2,131
2,6,72
5,5,4
2,12,90
4,23,279
1,4,85
3,10,43
6,8,15
3,2,29
1,3,101
1,3,31
1,3,35
1,8,39
1,6,38
1,25,176
2,3,92
2,5,321
5,1,318
4,5,12
1,4,100
4,6,208
1,24,360
2,3,24
2,24,111
3,2,3
1,32,26
3,11,37
1,10,128
1,13,19
3,1,53
1,2,78
1,7,252
5,5,50
1,1,75
1,2,284
2,4,138
2,2,11
1,1,187
1,3,40
1,1,431
2,35,300
4,19,56
1,3,29
3,1,3
5,6,15
3,3,26
1,7,14
2,9,84
1,12,64
1,8,12
1,18,14
1,3,95
2,12,190
2,7,18
4,6,221
2,12,117
1,4,258
1,11,16
3,29,126
2,21,35
1,9,113
1,4,33
1,3,16
1,4,5
1,17,243
1,5,673
1,20,10
2,2,14
1,2,15
4,6,56
1,3,106
3,2,280
1,6,78
1,2,67
1,5,79
2,19,98
2,2,86
3,7,28
1,3,123
2,2,49
2,39,80
1,6,24
2,22,52
3,6,11
1,3,18
1,6,115
1,6,148
1,23,70
4,31,52
4,10,214
1,17,75
1,11,121
1,14,40
4,14,57
1,9,45
2,11,143
1,13,287
1,2,232
7,11,13
1,16,26
5,5,152
1,6,75
1,3,16
2,17,66
1,8,32
1,1,137
1,7,92
2,2,105
1,2,152
1,9,46
2,6,40
2,3,9
2,18,3
2,4,106
2,7,28
1,1,87
1,6,2
2,2,5
1,14,37
4,9,196
1,14,134
2,7,28
1,6,71
3,1,1
1,2,197
3,2,41
2,19,95
1,4,37
4,10,155
2,7,51
1,6,358
1,14,196
6,4,105
2,13,73
3,8,331
3,1,231
1,8,69
1,1,304
2,5,303
2,1,125
3,4,70
5,13,187
1,12,129
1,15,3
3,4,81
1,10,32
3,1,57
5,14,125
1,14,382
1,1,85
2,5,33
1,1,71
5,8,43
2,6,62
2,2,99
1,5,26
2,7,156
1,24,73
1,30,8
2,23,41
1,6,129
4,1,162
2,1,54
1,1,23
3,3,124
1,1,31
2,46,59
1,26,24
1,5,5
3,6,209
1,5,15
1,10,178
1,5,153
2,1,200
1,5,42
3,15,63
2,12,45
2,2,29
1,22,33
1,12,64
2,11,417
4,9,125
2,2,95
4,1,6
1,27,63
2,10,178
3,6,156
1,2,152
1,17,327
1,1,142
2,29,57
3,6,23
2,4,147
3,4,82
1,10,194
2,5,38
2,5,93
1,2,49
1,10,58
1,13,16
3,6,41
3,29,5
1,14,39
1,2,122
4,3,182
1,2,83
1,29,77
6,7,124
3,11,31
1,10,89
1,7,364
2,11,69
1,2,223
1,1,30
1,3,272
1,9,265
1,1,18
2,11,7
2,10,20
2,23,11
1,10,260
1,4,64
2,35,13
1,4,188
2,4,118
1,9,38
1,2,96
1,1,31
3,9,77
1,9,50
3,8,39
1,8,32
1,26,130
1,1,24
1,3,77
1,6,179
2,23,21
1,1,80
1,9,18
5,14,234
4,21,181
3,9,32
1,5,66
2,47,6
1,4,18
4,19,2
1,6,85
4,7,51
2,13,64
1,17,43
1,16,22
1,7,74
1,31,237
1,7,137
1,7,28
2,8,7
1,41,48
4,3,8
2,4,11
3,2,12
1,25,35
1,3,89
1,5,18
5,14,12
2,22,18
1,9,86
1,20,35
1,1,136
4,6,62
1,14,100
5,10,6
1,14,3
3,8,35
2,13,71
5,10,56
2,7,24
1,11,75
2,3,343
4,8,204
1,10,111
2,7,32
1,11,24
1,5,27
3,15,14
2,1,143
1,2,89
2,2,21
7,7,31
1,4,32
2,14,5
1,9,101
3,64,5
1,10,1
1,2,86
3,16,137
1,1,180
9,9,96
5,4,146
3,2,130
1,10,27
1,10,9
1,9,10
5,12,148
4,5,92
2,2,6
1,3,31
4,26,53
3,12,149
1,5,180
5,10,58
1,3,28
3,2,20
2,2,96
1,7,85
1,4,133
4,12,36
2,1,20
2,20,8
2,30,124
3,6,163
2,1,6
1,7,9
1,10,49
5,1,158
1,11,11
8,20,87
1,6,102
2,2,55
1,24,5
2,1,22
6,5,244
1,5,30
1,4,22
1,4,10
1,24,39
2,13,15
1,15,61
2,9,59
5,3,8
1,8,32
1,15,120
1,5,49
2,3,54
3,4,123
3,3,3
1,6,19
1,1,41
3,17,239
2,5,166
3,3,16
2,29,171
2,8,31
1,9,92
1,11,39
5,11,41
1,9,29
2,13,30
3,5,117
1,16,60
1,1,54
2,5,56
3,3,48
1,10,231
1,5,99
1,37,3
3,18,23
1,5,56
2,8,42
1,2,77
2,5,175
1,1,120
1,2,273
1,1,159
3,8,68
4,12,5
4,11,188
2,5,17
2,1,9
4,3,139
1,4,25
1,13,96
2,3,2
1,9,20
3,8,230
1,10,1
2,17,4
4,2,48
2,9,47
1,5,2
2,4,151
1,15,134
1,6,201
1,2,243
5,5,160
1,10,406
2,6,34
2,15,27
3,3,36
2,20,50
1,3,52
1,10,528
1,3,69
1,8,155
3,5,7
1,18,46
2,6,140
1,3,41
1,1,68
1,24,120
1,9,122
1,2,13
1,2,10
6,7,6
1,8,2
2,5,37
3,2,2
2,3,30
2,7,119
1,15,214
2,18,5
2,22,93
3,20,3
3,13,521
1,10,45
1,16,2
1,3,67
1,1,86
1,2,65
2,4,19
1,2,12
5,18,7
2,4,37
6,16,114
2,1,243
1,13,102
2,1,50
1,16,19
1,7,180
3,37,32
3,10,75
3,11,67
5,19,173
2,1,20
3,24,151
1,23,89
1,2,255
2,14,26
1,5,186
1,3,148
1,1,66
1,1,107
2,13,26
4,6,58
2,2,31
2,6,31
1,34,90
1,28,112
1,2,19
2,12,184
1,6,71
2,29,198
1,8,101
1,31,152
1,13,56
1,7,35
2,12,21
2,9,22
1,1,133
5,5,57
1,1,25
6,3,6
1,37,231
2,10,46
2,1,200
1,4,203
3,12,16
3,1,81
2,16,93
1,3,45
1,32,43
2,12,167
2,6,219
1,7,1
2,5,100
9,28,10
1,2,51
1,8,124
3,5,62
1,11,159
1,16,72
2,1,37
1,25,11
2,20,237
1,24,115
4,14,36
2,8,80
3,3,223
1,12,30
4,13,17
1,28,49
1,9,77
2,5,71
3,2,127
1,5,292
3,8,11
2,3,115
3,22,9
2,8,147
2,13,495
2,7,128
2,8,151
2,8,11
1,1,80
2,19,131
3,1,27
2,15,37
1,6,721
2,7,226
2,4,95
2,18,40
1,5,9
1,1,83
4,16,141
1,5,52
1,2,21
2,13,59
2,16,5
4,4,105
1,10,73
1,1,90
1,1,83
1,27,1
1,41,23
2,27,48
1,8,99
2,21,214
5,12,44
1,7,368
3,7,16
6,20,354
1,2,135
1,29,134
2,19,55
2,24,56
2,21,3
1,22,40
4,15,120
1,3,79
4,19,43
1,1,50
1,3,41
10,1,71
1,2,122
1,1,84
4,5,11
2,15,260
2,60,37
1,6,81
4,2,25
2,9,16
1,1,97
3,20,61
1,9,92
1,11,25
1,3,109
1,15,42
3,22,97
3,8,67
1,3,143
1,27,27
3,3,231
2,11,261
1,2,35
1,2,40
8,5,7
1,8,22
1,7,36
2,5,56
2,4,161
1,18,52
1,10,165
1,2,101
1,5,75
5,1,259
5,3,72
2,9,94
1,9,143
2,7,278
1,1,43
1,4,193
1,2,56
3,3,146
1,14,50
4,4,166
1,8,47
1,23,368
1,6,216
1,10,13
1,3,3
1,7,553
2,16,271
4,10,67
2,4,183
2,8,200
1,5,1049
3,1,187
1,5,50
5,26,393
1,9,37
6,8,21
1,18,51
2,9,80
4,13,145
1,64,151
2,6,68
1,18,76
1,4,286
1,5,62
1,11,476
3,7,114
1,2,108
1,2,284
1,8,210
4,1,81
2,4,9
1,20,27
4,11,319
3,11,30
1,1,63
1,5,131
2,26,103
3,6,69
2,14,94
4,4,142
3,4,143
3,20,207
1,12,27
4,4,75
2,33,69
3,2,161
3,8,118
1,9,107
2,24,493
1,14,249
2,9,17
1,11,12
1,1,446
1,14,108
2,1,36
1,10,189
2,2,16
2,12,24
2,2,100
1,9,136
1,2,222
1,26,170
1,26,13
1,11,204
1,24,3
1,9,87
2,21,89
2,27,25
1,5,127
1,4,105
5,4,35
1,5,116
4,3,31
1,2,39
1,13,88
1,5,116
1,11,34
4,4,7
3,4,76
4,6,138
4,15,127
5,6,71
2,24,7
3,2,176
1,7,116
1,10,108
2,18,9
2,4,2
1,1,283
3,20,92
2,3,39
1,8,36
1,4,108
1,20,31
2,2,2
1,1,4
1,4,513
1,15,126
1,1,81
2,11,380
3,1,1
1,1,142
2,2,84
1,32,294
1,14,19
2,39,85
5,1,58
2,5,22
1,25,70
1,41,315
2,3,28
2,14,80
1,6,10
2,20,140
1,12,205
4,6,49
3,30,22
2,4,169
1,11,26
4,55,284
1,1,29
1,9,84
2,3,108
2,19,110
1,3,9
1,13,215
3,10,13
1,10,50
2,4,95
2,3,88
1,2,1
2,18,285
2,24,129
5,14,141
6,2,25
1,7,61
1,6,127
1,1,50
1,3,348
2,4,12
2,3,27
2,2,59
4,19,19
3,8,35
6,34,57
2,4,14
1,12,26
1,41,228
4,7,100
1,2,33
2,5,125
2,6,91
1,10,101
4,11,16
2,2,25
1,3,186
3,16,199
1,4,324
1,25,33
3,16,12
1,2,174
1,5,68
4,27,123
1,3,28
2,26,132
4,4,221
3,6,52
1,9,25
1,1,49
6,6,83
1,1,39
1,3,157
3,6,71
2,49,55
1,7,24
4,5,81
1,59,55
2,23,42
1,25,55
1,1,183
1,5,29
3,8,5
3,9,80
2,17,146
5,4,149
3,13,64
2,3,226
5,4,129
4,3,177
1,6,86
1,13,44
3,2,75
3,1,77
1,7,3
1,6,127
2,25,139
1,14,115
1,20,47
1,23,79
2,7,51
1,4,4
2,7,31
2,6,11
2,5,85
1,5,38
2,19,17
1,6,174
1,3,52
2,3,63
2,9,192
1,4,54
1,1,39
3,1,17
1,47,90
1,38,7
2,33,7
1,34,65
1,16,91
1,1,103
4,4,56
2,6,91
1,12,25
1,24,138
1,47,78
6,12,8
1,17,77
1,21,185
1,4,50
3,1,25
1,9,329
1,16,192
1,6,256
1,3,142
2,14,30
1,6,75
1,8,151
3,4,58
5,1,276
1,6,7
4,1,89
1,1,148
1,8,84
5,3,217
6,3,69
2,6,206
1,21,26
2,6,216
3,4,56
3,8,32
1,15,105
1,10,51
1,19,46
1,6,89
2,4,351
1,14,34
4,11,211
2,1,30
4,3,285
1,11,197
1,7,70
1,63,65
1,8,297
1,19,141
3,22,49
1,8,5
1,19,161
5,4,113
1,10,36
1,6,10
1,4,102
1,1,176
1,2,6
1,8,34
1,4,495
2,20,15
1,7,4
4,3,69
1,4,69
1,4,134
1,5,2
2,3,10
1,8,80
1,10,72
1,7,228
2,9,150
1,3,181
2,12,46
3,4,9
1,14,371
5,3,77
1,2,273
3,15,31
2,2,2
1,4,143
1,6,54
1,13,52
2,9,98
1,5,47
4,1,67
3,23,116
2,4,63
1,5,43
1,8,9
1,3,151
3,10,46
4,1,45
1,11,5
1,3,9
1,4,114
1,6,86
2,1,11
1,3,85
1,15,25
2,23,67
1,3,100
2,1,115
2,6,55
1,1,8
2,2,85
2,7,139
1,7,117
2,2,186
1,1,116
2,10,77
1,12,114
2,4,146
4,1,105
2,10,69
1,4,159
3,4,34
2,10,12
1,2,13
1,4,57
2,3,51
3,4,322
1,14,241
2,14,67
2,13,72
3,1,23
8,4,222
1,9,24
1,14,59
3,6,66
1,1,73
1,10,20
1,28,3
2,19,1
2,9,185
6,42,214
3,19,31
2,6,50
4,17,166
1,1,147
1,15,86
1,39,24
2,2,2
3,10,105
2,14,98
4,20,9
2,14,59
1,13,24
12,20,20
3,17,87
1,3,51
1,2,1
1,12,145
2,7,159
1,6,8
1,12,29
2,2,147
1,2,297
2,22,119
3,3,60
1,10,195
1,1,50
1,14,87
1,9,26
1,6,245
1,10,7
1,20,61
1,9,121
1,3,439
1,9,315
2,7,219
2,6,183
3,7,2
4,26,35
2,1,36
1,4,227
1,9,80
1,11,16
1,7,37
3,4,229
1,3,186
1,8,78
5,4,56
1,19,204
1,8,46
1,8,86
3,4,195
2,35,116
1,14,55
3,3,32
1,2,38
1,4,251
5,13,129
1,9,84
2,6,55
4,11,48
1,2,158
2,4,161
4,10,298
1,1,60
1,11,64
3,1,12
1,5,49
5,16,360
1,25,8
1,13,132
2,2,4
1,13,2
1,7,53
3,6,61
2,9,52
1,2,51
1,1,100
5,25,83
2,8,158
2,7,85
1,5,36
5,31,302
1,4,144
1,2,31
1,4,82
1,2,44
1,2,100
1,8,45
1,10,62
5,5,4
1,2,43
2,4,2
1,3,40
3,3,8
9,6,30
1,1,117
1,6,31
3,3,103
2,29,7
3,2,24
1,4,246
1,5,97
4,9,19
4,21,37
1,2,108
2,16,124
4,11,1
3,2,99
1,11,208
1,5,113
3,2,59
5,4,66
2,4,174
1,4,6
1,13,166
2,7,22
2,16,16
1,4,4
2,19,113
1,4,171
2,6,49
3,19,111
3,11,405
1,3,43
4,18,125
1,8,82
2,3,144
1,13,92
1,10,106
1,7,79
2,45,11
2,22,93
3,1,348
1,41,89
2,13,24
3,43,10
1,7,158
1,2,185
3,8,109
1,15,25
1,6,3
1,11,102
1,7,73
3,7,120
1,9,26
3,19,51
1,7,96
1,9,349
1,1,4
1,4,150
3,5,281
1,7,14
2,4,16
2,27,359
1,19,53
2,11,5
1,6,10
1,32,49
1,3,245
3,25,62
1,5,121
2,13,520
1,11,166
1,33,39
1,5,273
2,39,13
2,7,94
2,2,19
1,11,79
1,26,57
1,1,35
2,6,55
2,6,8
4,8,80
1,26,53
2,11,115
1,21,144
2,1,22
1,5,1
1,23,51
1,9,235
1,1,277
1,8,105
1,25,233
2,32,44
1,1,2
1,27,387
1,11,102
1,10,376
3,5,16
2,2,32
1,15,56
2,1,97
2,8,20
2,17,195
1,10,66
2,10,78
2,4,21
2,2,181
4,16,163
7,9,54
2,2,40
1,21,70
1,9,72
1,10,121
1,23,91
1,28,71
2,24,109
1,5,116
1,11,60
4,26,23
1,1,84
1,9,183
4,10,41
2,7,184
1,6,60
1,4,74
1,9,335
4,6,78
1,2,45
3,49,3
1,24,134
2,6,42
2,17,36
3,5,155
3,30,277
1,3,43
1,5,278
1,2,298
2,2,157
1,11,62
3,1,8
3,2,305
1,2,45
1,6,42
2,31,41
1,1,30
3,2,77
4,20,7
1,5,248
1,9,6
1,23,28
1,9,2
4,8,6
1,12,74
1,26,202
3,16,45
1,4,163
1,20,47
1,55,33
2,7,54
1,3,14
2,5,58
1,9,78
1,7,126
1,17,94
1,16,252
3,2,96
2,1,245
2,1,20
2,27,193
1,14,42
1,8,68
1,28,158
1,12,13
2,25,145
4,6,134
4,3,86
2,5,90
1,13,8
4,2,145
1,3,110
1,2,83
4,11,2
2,1,74
3,3,44
1,3,16
1,23,58
3,4,299
1,4,65
1,5,13
3,11,28
1,7,39
3,5,179
1,6,228
1,9,26
3,3,14
5,3,1
1,11,154
2,9,26
3,10,49
1,1,168
3,8,156
4,1,19
1,1,63
1,13,34
1,4,13
1,2,18
1,15,113
3,11,154
1,2,200
3,7,239
2,2,109
1,16,12
2,49,124
2,34,73
1,4,39
1,13,104
1,6,66
1,17,38
3,28,162
1,6,110
4,7,28
2,10,49
1,5,241
1,2,253
1,1,227
3,18,97
3,26,91
10,11,21
1,12,84
1,2,67
1,18,113
1,13,25
1,6,33
2,2,88
1,1,216
3,4,31
1,5,42
1,1,23
1,2,20
2,11,31
1,32,143
1,5,88
2,3,28
2,17,116
1,13,268
1,1,10
1,1,23
1,2,110
1,5,105
1,3,265
1,17,8
2,7,28
4,1,53
2,7,44
4,6,12
3,30,63
3,9,9
1,5,227
1,1,2
2,3,125
1,1,267
1,8,22
1,26,41
1,3,267
1,5,57
1,11,105
1,1,32
1,27,61
1,5,45
4,3,37
4,7,57
4,10,62
2,8,81
2,14,23
1,7,72
1,6,31
3,17,89
2,3,219
3,26,10
3,3,4
1,3,148
1,11,253
1,6,62
4,4,65
4,3,169
1,12,164
1,4,81
2,24,40
2,26,12
2,20,85
1,3,154
3,2,35
2,1,271
4,17,173
1,25,58
2,9,216
1,3,43
1,8,48
1,4,335
1,8,93
2,3,75
2,4,117
1,18,20
4,38,19
5,4,71
1,1,229
1,1,189
1,5,92
2,3,49
5,8,228
1,6,180
1,4,49
1,13,41
3,1,86
2,6,78
3,7,21
2,22,78
1,7,140
1,6,154
1,4,106
3,2,192
2,4,13
1,9,97
6,10,75
1,23,13
1,2,79
2,3,3
4,10,103
1,10,1
4,4,141
3,1,153
1,5,8
2,4,148
1,39,104
1,6,66
1,12,151
1,9,204
1,1,18
2,3,229
1,8,122
1,13,5
1,1,405
3,9,13
2,6,195
1,18,110
3,18,23
2,12,10
1,28,66
3,1,40
1,6,341
2,7,130
2,3,100
1,13,62
1,5,98
1,24,64
2,16,48
1,1,56
3,2,174
2,5,140
3,2,135
2,1,87
1,3,51
3,7,257
1,1,28
5,25,3
1,14,19
1,16,50
5,15,135
1,17,26
1,6,90
4,26,109
3,11,85
6,15,285
6,8,50
1,16,85
1,10,6
1,14,202
2,6,28
1,1,54
4,1,6
2,3,244
1,9,491
2,3,117
5,3,17
11,17,7
4,29,20
3,9,81
1,13,3
1,9,181
3,2,289
2,17,187
6,18,8
1,12,18
1,6,11
3,1,22
1,4,65
2,32,34
2,4,123
1,8,32
4,2,116
4,13,103
1,4,144
1,11,81
2,3,102
1,21,248
1,9,27
1,4,178
3,9,45
2,4,31
1,3,25
1,8,50
2,15,117
1,2,104
1,40,12
1,8,93
1,7,336
1,18,18
2,11,6
2,3,46
1,14,58
1,4,259
1,4,43
1,3,15
8,6,117
3,4,15
1,29,108
1,1,8
1,3,128
2,1,1
4,6,8
1,4,123
2,3,14
2,18,22
1,6,244
4,4,6
1,27,54
1,1,68
1,42,172
1,11,405
1,8,96
1,4,100
3,1,118
2,10,319
1,12,167
1,2,65
3,6,44
1,5,71
3,8,130
2,6,181
1,2,28
1,6,42
3,23,15
2,6,103
1,17,123
2,19,295
1,2,489
2,5,7
2,50,10
2,15,19
1,23,36
2,9,251
1,10,72
2,1,126
1,1,106
1,7,68
2,22,570
1,3,87
2,5,102
1,21,54
2,29,40
2,6,88
4,8,55
3,1,19
1,6,17
2,20,39
1,15,102
6,1,24
1,2,23
1,6,68
1,8,183
2,6,72
2,11,323
3,21,48
2,3,13
2,19,15
2,2,11
2,7,50
1,8,8
1,9,224
1,3,8
2,6,11
1,4,165
3,25,40
1,1,28
1,5,29
1,4,110
2,5,90
1,3,14
5,7,284
1,18,6
1,1,36
5,5,153
2,4,175
2,26,33
1,12,331
1,1,16
4,1,23
8,7,319
2,11,104
1,3,67
1,6,121
1,6,120
2,1,146
1,16,53
2,11,69
1,30,65
2,30,248
2,5,37
2,4,6
2,2,75
1,6,17
1,10,7
1,39,14
2,19,37
1,4,27
2,3,68
1,7,9
2,15,4
2,11,288
1,3,189
3,5,64
2,20,50
1,10,54
2,10,16
3,19,136
6,15,10
1,10,4
2,6,452
4,1,109
1,19,128
5,8,80
2,13,5
1,12,20
2,4,422
1,25,392
2,11,64
1,4,89
1,7,104
1,12,145
2,2,213
2,1,118
2,1,75
1,3,3
1,6,13
1,4,120
3,9,122
7,5,3
1,7,3
2,12,21
3,5,66
1,24,163
2,11,96
1,2,118
2,1,66
1,2,18
3,2,58
3,4,41
2,11,37
2,1,106
1,1,107
4,8,107
1,3,40
1,6,98
2,3,198
2,1,82
2,22,63
1,11,89
1,10,639
2,2,278
1,2,55
3,16,173
1,9,13
2,13,34
1,4,5
4,25,123
1,23,37
2,7,355
4,2,58
2,10,108
1,25,67
2,5,92
1,3,10
3,2,58
1,1,37
2,16,84
1,22,175
5,26,42
3,31,223
1,1,266
2,15,47
2,3,10
1,4,72
2,23,85
4,1,246
3,2,406
1,7,5
3,4,71
2,3,12
3,17,120
1,22,44
3,3,137
1,2,12
1,3,120
5,10,2
1,15,93
1,2,17
4,3,263
1,23,33
2,16,124
1,7,34
2,7,80
3,6,1
1,33,9
7,10,35
1,10,148
5,11,88
1,2,1
1,18,87
1,16,169
1,23,62
3,44,41
1,2,8
1,1,135
1,16,9
1,6,274
3,2,44
2,7,251
1,5,3
3,13,6
3,7,1
2,8,351
1,12,359
1,4,300
8,1,30
1,1,127
1,1,99
1,24,436
1,3,4
3,2,69
3,1,151
3,6,6
1,3,140
1,6,246
1,16,226
2,35,63
1,2,160
1,23,162
2,33,71
1,1,18
4,3,186
1,2,269
6,10,96
2,7,24
1,6,46
1,3,137
1,33,144
6,3,21
1,40,17
3,6,5
1,6,67
1,2,172
3,15,20
5,5,22
3,6,23
1,20,126
2,11,161
7,3,22
1,7,169
3,12,72
1,1,108
4,16,346
1,17,135
5,3,122
1,2,39
1,20,111
1,1,64
5,4,180
1,8,58
1,10,31
2,1,6
2,4,111
2,13,79
1,3,8
1,13,345
1,4,6
2,3,156
2,2,94
1,20,63
1,10,5
2,29,21
2,32,121
4,2,23
1,33,3
1,5,48
7,10,49
3,9,75
1,20,40
2,13,91
1,9,73
1,13,239
1,1,43
1,2,27
6,1,304
1,6,180
2,30,348
1,8,27
4,9,2
1,4,78
3,11,187
2,1,51
1,5,30
2,18,124
2,1,93
2,10,10
1,2,328
6,6,61
2,13,130
1,1,274
6,1,199
1,16,30
1,3,65
2,4,56
2,2,5
1,4,43
1,8,54
4,12,152
2,3,47
1,4,51
2,4,166
1,6,65
1,14,80
1,13,119
1,2,159
3,10,270
1,1,181
4,4,133
2,2,102
2,5,4
1,12,18
1,2,71
4,7,8
1,14,15
1,10,194
1,4,38
2,10,40
1,1,4
1,1,134
6,32,109
2,3,16
2,7,105
1,1,60
1,4,8
4,4,50
2,8,9
7,3,95
1,8,16
3,16,4
1,3,217
2,15,231
1,17,88
2,22,113
5,10,8
1,11,58
2,28,72
2,17,56
2,26,231
3,9,164
1,5,153
2,1,155
1,5,160
1,5,231
6,5,45
2,3,43
1,12,78
2,14,18
1,2,28
2,1,129
5,23,41
1,3,25
2,17,197
2,26,16
2,8,119
1,4,79
2,10,30
3,2,5
2,6,313
1,4,39
3,16,16
2,4,31
1,52,16
3,5,102
2,10,97
1,2,60
1,2,34
1,9,45
2,21,90
4,15,493
5,12,48
3,9,60
3,7,110
3,11,100
1,1,15
1,30,261
2,9,70
2,6,46
2,5,38
1,4,142
1,17,49
5,12,268
6,7,2
3,6,45
1,31,84
2,8,289
6,8,86
2,34,4
1,2,58
1,17,176
1,9,213
1,5,142
2,1,117
3,4,7
2,5,51
1,9,199
2,40,31
1,11,193
1,10,67
9,5,150
5,38,29
1,5,24
1,16,133
2,8,40
1,2,53
2,5,40
2,3,91
2,16,137
6,19,71
1,1,29
2,3,139
1,20,221
2,3,88
1,19,10
1,23,63
1,6,219
1,8,83
2,7,133
1,2,22
4,6,28
1,3,14
3,10,37
1,13,646
1,4,157
1,2,94
1,4,64
1,15,30
3,9,73
1,9,8
1,1,130
1,4,196
3,8,24
4,33,90
2,13,110
1,14,31
1,4,117
1,10,8
1,6,59
1,40,67
4,33,242
3,14,6
1,8,106
1,3,52
2,8,14
3,4,88
1,4,49
2,5,312
1,1,75
3,11,356
1,2,52
1,1,241
4,5,203
3,9,261
1,1,250
1,15,18
1,8,49
3,4,111
2,2,147
1,13,32
1,5,33
1,1,8
3,13,192
1,6,64
1,4,40
1,3,25
1,3,6
1,3,422
4,4,172
1,18,78
1,3,164
1,5,117
3,5,9
2,4,82
1,4,163
3,2,58
1,3,4
1,2,242
1,11,105
1,8,2
2,17,166
1,7,101
2,3,153
1,5,110
1,2,231
2,9,47
1,7,133
4,6,113
1,11,25
1,13,243
1,7,43
1,3,4
2,1,51
1,4,212
2,9,66
3,3,37
1,10,47
3,4,429
2,6,11
1,6,829
1,9,57
1,3,23
1,8,127
2,15,12
1,5,3
1,22,120
3,21,18
2,41,206
1,5,58
1,3,169
2,33,65
2,2,20
3,21,136
2,15,188
2,3,19
1,11,116
1,6,39
1,13,50
2,3,5
3,13,175
1,4,121
1,11,21
3,5,62
4,7,70
3,12,98
1,6,320
1,19,41
1,8,105
1,1,24
1,24,245
2,16,47
4,11,608
4,7,148
4,22,185
2,7,119
1,9,36
2,2,31
3,2,110
1,10,34
1,52,84
1,28,23
7,7,66
1,4,86
1,3,160
1,14,48
2,8,138
1,1,1
1,22,162
6,2,83
6,6,116
1,15,140
1,17,38
2,5,237
4,47,72
1,18,55
1,9,9
4,1,66
1,15,205
1,21,283
2,15,511
5,4,221
1,5,101
7,2,59
2,1,131
4,1,145
2,8,54
2,2,115
1,13,128
1,12,3
1,15,48
1,10,344
1,36,41
3,2,203
1,9,1
1,10,339
4,7,58
2,7,19
1,4,137
5,8,107
4,6,449
4,14,102
1,10,53
1,2,138
1,1,37
1,30,316
2,2,4
2,9,218
1,19,74
1,73,12
5,5,42
1,9,11
3,8,124
2,23,55
1,1,26
3,5,121
1,5,236
3,1,42
2,5,5
2,1,64
2,8,9
1,7,510
4,6,21
5,1,22
3,6,118
1,17,228
1,2,288
1,3,204
1,2,1
1,7,314
1,3,49
2,6,177
6,4,307
2,16,143
3,7,25
5,7,29
1,5,17
2,3,18
5,51,171
1,9,7
1,4,5
3,2,133
1,12,54
2,2,14
1,14,105
1,3,53
2,6,16
3,35,321
3,4,113
1,3,7
2,9,120
2,3,59
3,7,189
3,2,226
5,16,9
1,17,70
2,5,68
6,9,26
2,6,100
1,2,157
1,15,101
3,2,31
1,1,147
2,1,84
1,13,32
1,4,51
1,16,143
2,4,329
1,3,123
3,3,7
3,14,92
1,4,111
1,37,61
1,18,56
3,4,298
3,5,260
1,7,55
1,19,9
1,5,111
1,17,49
1,30,34
1,1,62
1,16,71
2,26,36
1,12,228
5,26,140
5,20,145
1,2,21
1,5,271
1,8,48
